time,id1,id2,value
2000,pu_001,pu_001,0.154467238
2000,pu_002,pu_001,0.140822888
2000,pu_003,pu_001,0.126526156
2000,pu_004,pu_001,0.086475748
2000,pu_005,pu_001,0.055413419
2000,pu_006,pu_001,0.03718277
2000,pu_007,pu_001,0.02670197
2000,pu_008,pu_001,0.02670197
2000,pu_009,pu_001,0.154467238
2000,pu_010,pu_001,0.126710133
2000,pu_011,pu_001,0.123842175
2000,pu_012,pu_001,0.055413419
2000,pu_013,pu_001,0.052906338
2000,pu_014,pu_001,0.02670197
2000,pu_015,pu_001,0.02670197
2000,pu_016,pu_001,0
2000,pu_001,pu_002,0.154015751
2000,pu_002,pu_002,0.12638024
2000,pu_003,pu_002,0.12638024
2000,pu_004,pu_002,0.077913541
2000,pu_005,pu_002,0.13148532
2000,pu_006,pu_002,0.103797033
2000,pu_007,pu_002,0.103797033
2000,pu_008,pu_002,0.046116372
2000,pu_009,pu_002,0.023977573
2000,pu_010,pu_002,0.003604187
2000,pu_011,pu_002,0.003604187
2000,pu_012,pu_002,0.011490282
2000,pu_013,pu_002,0.005389893
2000,pu_014,pu_002,0.000432483
2000,pu_015,pu_002,0.000432483
2000,pu_016,pu_002,0.002869725
2000,pu_001,pu_003,0.077913541
2000,pu_002,pu_003,0.12638024
2000,pu_003,pu_003,0.12638024
2000,pu_004,pu_003,0.154015751
2000,pu_005,pu_003,0.046116372
2000,pu_006,pu_003,0.103797033
2000,pu_007,pu_003,0.103797033
2000,pu_008,pu_003,0.13148532
2000,pu_009,pu_003,0.011490282
2000,pu_010,pu_003,0.003604187
2000,pu_011,pu_003,0.003604187
2000,pu_012,pu_003,0.023977573
2000,pu_013,pu_003,0.002869725
2000,pu_014,pu_003,0.000432483
2000,pu_015,pu_003,0.000432483
2000,pu_016,pu_003,0.005389893
2000,pu_001,pu_004,0.027493537
2000,pu_002,pu_004,0.056003677
2000,pu_003,pu_004,0.12638024
2000,pu_004,pu_004,0.154015751
2000,pu_005,pu_004,0.004473809
2000,pu_006,pu_004,0.018364447
2000,pu_007,pu_004,0.103797033
2000,pu_008,pu_004,0.13148532
2000,pu_009,pu_004,0
2000,pu_010,pu_004,0
2000,pu_011,pu_004,0.003604187
2000,pu_012,pu_004,0.023977573
2000,pu_013,pu_004,0
2000,pu_014,pu_004,0
2000,pu_015,pu_004,0.000432483
2000,pu_016,pu_004,0.005389893
2000,pu_001,pu_005,0.154015751
2000,pu_002,pu_005,0.12638024
2000,pu_003,pu_005,0.055785235
2000,pu_004,pu_005,0.027202381
2000,pu_005,pu_005,0.13148532
2000,pu_006,pu_005,0.103797033
2000,pu_007,pu_005,0.018364399
2000,pu_008,pu_005,0.004473658
2000,pu_009,pu_005,0.131800224
2000,pu_010,pu_005,0.103890697
2000,pu_011,pu_005,0.018121878
2000,pu_012,pu_005,0.004232246
2000,pu_013,pu_005,0.054394131
2000,pu_014,pu_005,0.03544067
2000,pu_015,pu_005,0.022396708
2000,pu_016,pu_005,0.012913558
2000,pu_001,pu_006,0.154015751
2000,pu_002,pu_006,0.12638024
2000,pu_003,pu_006,0.12638024
2000,pu_004,pu_006,0.077667832
2000,pu_005,pu_006,0.13148532
2000,pu_006,pu_006,0.103797033
2000,pu_007,pu_006,0.103797033
2000,pu_008,pu_006,0.046116312
2000,pu_009,pu_006,0.131800224
2000,pu_010,pu_006,0.103890697
2000,pu_011,pu_006,0.103890697
2000,pu_012,pu_006,0.045816886
2000,pu_013,pu_006,0.054394131
2000,pu_014,pu_006,0.03544067
2000,pu_015,pu_006,0.03544067
2000,pu_016,pu_006,0.038568061
2000,pu_001,pu_007,0.077667832
2000,pu_002,pu_007,0.12638024
2000,pu_003,pu_007,0.12638024
2000,pu_004,pu_007,0.154015751
2000,pu_005,pu_007,0.046116312
2000,pu_006,pu_007,0.103797033
2000,pu_007,pu_007,0.103797033
2000,pu_008,pu_007,0.13148532
2000,pu_009,pu_007,0.045816886
2000,pu_010,pu_007,0.103890697
2000,pu_011,pu_007,0.103890697
2000,pu_012,pu_007,0.131800224
2000,pu_013,pu_007,0.038568061
2000,pu_014,pu_007,0.03544067
2000,pu_015,pu_007,0.03544067
2000,pu_016,pu_007,0.054394131
2000,pu_001,pu_008,0.027202381
2000,pu_002,pu_008,0.055785235
2000,pu_003,pu_008,0.12638024
2000,pu_004,pu_008,0.154015751
2000,pu_005,pu_008,0.004473658
2000,pu_006,pu_008,0.018364399
2000,pu_007,pu_008,0.103797033
2000,pu_008,pu_008,0.13148532
2000,pu_009,pu_008,0.004232246
2000,pu_010,pu_008,0.018121878
2000,pu_011,pu_008,0.103890697
2000,pu_012,pu_008,0.131800224
2000,pu_013,pu_008,0.012913558
2000,pu_014,pu_008,0.022396708
2000,pu_015,pu_008,0.03544067
2000,pu_016,pu_008,0.054394131
2000,pu_001,pu_009,0.054229614
2000,pu_002,pu_009,0.035395112
2000,pu_003,pu_009,0.022448356
2000,pu_004,pu_009,0.013038698
2000,pu_005,pu_009,0.13148532
2000,pu_006,pu_009,0.103797033
2000,pu_007,pu_009,0.018169044
2000,pu_008,pu_009,0.004321915
2000,pu_009,pu_009,0.131800224
2000,pu_010,pu_009,0.103890697
2000,pu_011,pu_009,0.01812183
2000,pu_012,pu_009,0.004232098
2000,pu_013,pu_009,0.154467238
2000,pu_014,pu_009,0.126526156
2000,pu_015,pu_009,0.055413473
2000,pu_016,pu_009,0.026702256
2000,pu_001,pu_010,0.054229614
2000,pu_002,pu_010,0.035395112
2000,pu_003,pu_010,0.035395112
2000,pu_004,pu_010,0.038552163
2000,pu_005,pu_010,0.13148532
2000,pu_006,pu_010,0.103797033
2000,pu_007,pu_010,0.103797033
2000,pu_008,pu_010,0.045870756
2000,pu_009,pu_010,0.131800224
2000,pu_010,pu_010,0.103890697
2000,pu_011,pu_010,0.103890697
2000,pu_012,pu_010,0.045816825
2000,pu_013,pu_010,0.154467238
2000,pu_014,pu_010,0.126526156
2000,pu_015,pu_010,0.126526156
2000,pu_016,pu_010,0.077403747
2000,pu_001,pu_011,0.038552163
2000,pu_002,pu_011,0.035395112
2000,pu_003,pu_011,0.035395112
2000,pu_004,pu_011,0.054229614
2000,pu_005,pu_011,0.045870756
2000,pu_006,pu_011,0.103797033
2000,pu_007,pu_011,0.103797033
2000,pu_008,pu_011,0.13148532
2000,pu_009,pu_011,0.045816825
2000,pu_010,pu_011,0.103890697
2000,pu_011,pu_011,0.103890697
2000,pu_012,pu_011,0.131800224
2000,pu_013,pu_011,0.077403747
2000,pu_014,pu_011,0.126526156
2000,pu_015,pu_011,0.126526156
2000,pu_016,pu_011,0.154467238
2000,pu_001,pu_012,0.013038698
2000,pu_002,pu_012,0.022448356
2000,pu_003,pu_012,0.035395112
2000,pu_004,pu_012,0.054229614
2000,pu_005,pu_012,0.004321915
2000,pu_006,pu_012,0.018169044
2000,pu_007,pu_012,0.103797033
2000,pu_008,pu_012,0.13148532
2000,pu_009,pu_012,0.004232098
2000,pu_010,pu_012,0.01812183
2000,pu_011,pu_012,0.103890697
2000,pu_012,pu_012,0.131800224
2000,pu_013,pu_012,0.026702256
2000,pu_014,pu_012,0.055413473
2000,pu_015,pu_012,0.126526156
2000,pu_016,pu_012,0.154467238
2000,pu_001,pu_013,0.005374139
2000,pu_002,pu_013,0.000431985
2000,pu_003,pu_013,0
2000,pu_004,pu_013,0
2000,pu_005,pu_013,0.024090326
2000,pu_006,pu_013,0.003642936
2000,pu_007,pu_013,0
2000,pu_008,pu_013,0
2000,pu_009,pu_013,0.131800224
2000,pu_010,pu_013,0.103890697
2000,pu_011,pu_013,0.017927457
2000,pu_012,pu_013,0.004084004
2000,pu_013,pu_013,0.154467238
2000,pu_014,pu_013,0.126526156
2000,pu_015,pu_013,0.055413419
2000,pu_016,pu_013,0.02670197
2000,pu_001,pu_014,0.005374139
2000,pu_002,pu_014,0.000431985
2000,pu_003,pu_014,0.000431985
2000,pu_004,pu_014,0.002861337
2000,pu_005,pu_014,0.024090326
2000,pu_006,pu_014,0.003642936
2000,pu_007,pu_014,0.003642936
2000,pu_008,pu_014,0.011534605
2000,pu_009,pu_014,0.131800224
2000,pu_010,pu_014,0.103890697
2000,pu_011,pu_014,0.103890697
2000,pu_012,pu_014,0.045571166
2000,pu_013,pu_014,0.154467238
2000,pu_014,pu_014,0.126526156
2000,pu_015,pu_014,0.126526156
2000,pu_016,pu_014,0.077403686
2000,pu_001,pu_015,0.002861337
2000,pu_002,pu_015,0.000431985
2000,pu_003,pu_015,0.000431985
2000,pu_004,pu_015,0.005374139
2000,pu_005,pu_015,0.011534605
2000,pu_006,pu_015,0.003642936
2000,pu_007,pu_015,0.003642936
2000,pu_008,pu_015,0.024090326
2000,pu_009,pu_015,0.045571166
2000,pu_010,pu_015,0.103890697
2000,pu_011,pu_015,0.103890697
2000,pu_012,pu_015,0.131800224
2000,pu_013,pu_015,0.077403686
2000,pu_014,pu_015,0.126526156
2000,pu_015,pu_015,0.126526156
2000,pu_016,pu_015,0.154467238
2000,pu_001,pu_016,0
2000,pu_002,pu_016,0
2000,pu_003,pu_016,0.000431985
2000,pu_004,pu_016,0.005374139
2000,pu_005,pu_016,0
2000,pu_006,pu_016,0
2000,pu_007,pu_016,0.003642936
2000,pu_008,pu_016,0.024090326
2000,pu_009,pu_016,0.004084004
2000,pu_010,pu_016,0.017927457
2000,pu_011,pu_016,0.103890697
2000,pu_012,pu_016,0.131800224
2000,pu_013,pu_016,0.02670197
2000,pu_014,pu_016,0.055413419
2000,pu_015,pu_016,0.126526156
2000,pu_016,pu_016,0.154467238
2001,pu_001,pu_001,0.220367238
2001,pu_002,pu_001,0.198322888
2001,pu_003,pu_001,0.146026156
2001,pu_004,pu_001,0.083275748
2001,pu_005,pu_001,0.065713419
2001,pu_006,pu_001,0.07698277
2001,pu_007,pu_001,0.03050197
2001,pu_008,pu_001,0.04600197
2001,pu_009,pu_001,0.183067238
2001,pu_010,pu_001,0.157710133
2001,pu_011,pu_001,0.145042175
2001,pu_012,pu_001,0.049613419
2001,pu_013,pu_001,0.092906338
2001,pu_014,pu_001,0.01260197
2001,pu_015,pu_001,0.03550197
2001,pu_016,pu_001,-0.0208
2001,pu_001,pu_002,0.174415751
2001,pu_002,pu_002,0.19498024
2001,pu_003,pu_002,0.14008024
2001,pu_004,pu_002,0.118613541
2001,pu_005,pu_002,0.16758532
2001,pu_006,pu_002,0.153097033
2001,pu_007,pu_002,0.146797033
2001,pu_008,pu_002,0.047916372
2001,pu_009,pu_002,0.062677573
2001,pu_010,pu_002,0.014204187
2001,pu_011,pu_002,0.031104187
2001,pu_012,pu_002,0.022190282
2001,pu_013,pu_002,0.034989893
2001,pu_014,pu_002,0.018732483
2001,pu_015,pu_002,0.004632483
2001,pu_016,pu_002,0.015769725
2001,pu_001,pu_003,0.100913541
2001,pu_002,pu_003,0.15868024
2001,pu_003,pu_003,0.15428024
2001,pu_004,pu_003,0.192215751
2001,pu_005,pu_003,0.038916372
2001,pu_006,pu_003,0.151797033
2001,pu_007,pu_003,0.138497033
2001,pu_008,pu_003,0.15088532
2001,pu_009,pu_003,-0.001409718
2001,pu_010,pu_003,-0.002995813
2001,pu_011,pu_003,0.026204187
2001,pu_012,pu_003,0.053477573
2001,pu_013,pu_003,-0.003130275
2001,pu_014,pu_003,0.012532483
2001,pu_015,pu_003,0.035332483
2001,pu_016,pu_003,0.032589893
2001,pu_001,pu_004,0.050793537
2001,pu_002,pu_004,0.063503677
2001,pu_003,pu_004,0.18408024
2001,pu_004,pu_004,0.202115751
2001,pu_005,pu_004,0.027073809
2001,pu_006,pu_004,0.045264447
2001,pu_007,pu_004,0.130797033
2001,pu_008,pu_004,0.15258532
2001,pu_009,pu_004,-0.0026
2001,pu_010,pu_004,-0.0034
2001,pu_011,pu_004,0.003904187
2001,pu_012,pu_004,0.056577573
2001,pu_013,pu_004,-0.029
2001,pu_014,pu_004,-0.0272
2001,pu_015,pu_004,0.024332483
2001,pu_016,pu_004,0.021489893
2001,pu_001,pu_005,0.184015751
2001,pu_002,pu_005,0.17418024
2001,pu_003,pu_005,0.053685235
2001,pu_004,pu_005,0.040002381
2001,pu_005,pu_005,0.18258532
2001,pu_006,pu_005,0.141997033
2001,pu_007,pu_005,0.019964399
2001,pu_008,pu_005,0.021373658
2001,pu_009,pu_005,0.148800224
2001,pu_010,pu_005,0.122090697
2001,pu_011,pu_005,0.035921878
2001,pu_012,pu_005,0.012332246
2001,pu_013,pu_005,0.056694131
2001,pu_014,pu_005,0.02854067
2001,pu_015,pu_005,0.016996708
2001,pu_016,pu_005,-0.010286442
2001,pu_001,pu_006,0.181915751
2001,pu_002,pu_006,0.17208024
2001,pu_003,pu_006,0.16558024
2001,pu_004,pu_006,0.117167832
2001,pu_005,pu_006,0.15728532
2001,pu_006,pu_006,0.137197033
2001,pu_007,pu_006,0.134197033
2001,pu_008,pu_006,0.075916312
2001,pu_009,pu_006,0.157900224
2001,pu_010,pu_006,0.159990697
2001,pu_011,pu_006,0.114990697
2001,pu_012,pu_006,0.037516886
2001,pu_013,pu_006,0.044794131
2001,pu_014,pu_006,0.04824067
2001,pu_015,pu_006,0.03684067
2001,pu_016,pu_006,0.029468061
2001,pu_001,pu_007,0.098667832
2001,pu_002,pu_007,0.12808024
2001,pu_003,pu_007,0.18338024
2001,pu_004,pu_007,0.168215751
2001,pu_005,pu_007,0.093116312
2001,pu_006,pu_007,0.157097033
2001,pu_007,pu_007,0.129697033
2001,pu_008,pu_007,0.18368532
2001,pu_009,pu_007,0.038316886
2001,pu_010,pu_007,0.138590697
2001,pu_011,pu_007,0.121590697
2001,pu_012,pu_007,0.165500224
2001,pu_013,pu_007,0.062268061
2001,pu_014,pu_007,0.07394067
2001,pu_015,pu_007,0.07324067
2001,pu_016,pu_007,0.060994131
2001,pu_001,pu_008,0.053002381
2001,pu_002,pu_008,0.050785235
2001,pu_003,pu_008,0.14218024
2001,pu_004,pu_008,0.174815751
2001,pu_005,pu_008,0.030273658
2001,pu_006,pu_008,0.020764399
2001,pu_007,pu_008,0.157897033
2001,pu_008,pu_008,0.17338532
2001,pu_009,pu_008,0.022232246
2001,pu_010,pu_008,0.056921878
2001,pu_011,pu_008,0.128890697
2001,pu_012,pu_008,0.179900224
2001,pu_013,pu_008,0.005413558
2001,pu_014,pu_008,0.044396708
2001,pu_015,pu_008,0.02794067
2001,pu_016,pu_008,0.058394131
2001,pu_001,pu_009,0.075429614
2001,pu_002,pu_009,0.061495112
2001,pu_003,pu_009,0.020048356
2001,pu_004,pu_009,0.015338698
2001,pu_005,pu_009,0.16368532
2001,pu_006,pu_009,0.143797033
2001,pu_007,pu_009,0.053569044
2001,pu_008,pu_009,0.004221915
2001,pu_009,pu_009,0.188200224
2001,pu_010,pu_009,0.145790697
2001,pu_011,pu_009,0.05052183
2001,pu_012,pu_009,0.043332098
2001,pu_013,pu_009,0.200467238
2001,pu_014,pu_009,0.137526156
2001,pu_015,pu_009,0.077813473
2001,pu_016,pu_009,0.054602256
2001,pu_001,pu_010,0.084029614
2001,pu_002,pu_010,0.067295112
2001,pu_003,pu_010,0.046095112
2001,pu_004,pu_010,0.065652163
2001,pu_005,pu_010,0.14498532
2001,pu_006,pu_010,0.129997033
2001,pu_007,pu_010,0.142797033
2001,pu_008,pu_010,0.071470756
2001,pu_009,pu_010,0.186000224
2001,pu_010,pu_010,0.126690697
2001,pu_011,pu_010,0.138690697
2001,pu_012,pu_010,0.046616825
2001,pu_013,pu_010,0.170267238
2001,pu_014,pu_010,0.179126156
2001,pu_015,pu_010,0.145626156
2001,pu_016,pu_010,0.071903747
2001,pu_001,pu_011,0.049052163
2001,pu_002,pu_011,0.075195112
2001,pu_003,pu_011,0.081295112
2001,pu_004,pu_011,0.054029614
2001,pu_005,pu_011,0.050870756
2001,pu_006,pu_011,0.129197033
2001,pu_007,pu_011,0.124197033
2001,pu_008,pu_011,0.17338532
2001,pu_009,pu_011,0.094116825
2001,pu_010,pu_011,0.119990697
2001,pu_011,pu_011,0.162590697
2001,pu_012,pu_011,0.142500224
2001,pu_013,pu_011,0.089603747
2001,pu_014,pu_011,0.127026156
2001,pu_015,pu_011,0.162626156
2001,pu_016,pu_011,0.199967238
2001,pu_001,pu_012,0.005138698
2001,pu_002,pu_012,0.037148356
2001,pu_003,pu_012,0.057795112
2001,pu_004,pu_012,0.080629614
2001,pu_005,pu_012,-0.009978085
2001,pu_006,pu_012,0.044369044
2001,pu_007,pu_012,0.143497033
2001,pu_008,pu_012,0.16598532
2001,pu_009,pu_012,0.042632098
2001,pu_010,pu_012,0.05092183
2001,pu_011,pu_012,0.123990697
2001,pu_012,pu_012,0.200300224
2001,pu_013,pu_012,0.049002256
2001,pu_014,pu_012,0.051713473
2001,pu_015,pu_012,0.168926156
2001,pu_016,pu_012,0.203267238
2001,pu_001,pu_013,0.041774139
2001,pu_002,pu_013,-0.008468015
2001,pu_003,pu_013,-0.0098
2001,pu_004,pu_013,-0.0196
2001,pu_005,pu_013,0.065290326
2001,pu_006,pu_013,-0.001257064
2001,pu_007,pu_013,-0.0134
2001,pu_008,pu_013,-0.0235
2001,pu_009,pu_013,0.188600224
2001,pu_010,pu_013,0.107490697
2001,pu_011,pu_013,0.022727457
2001,pu_012,pu_013,0.029184004
2001,pu_013,pu_013,0.198267238
2001,pu_014,pu_013,0.183126156
2001,pu_015,pu_013,0.091413419
2001,pu_016,pu_013,0.04110197
2001,pu_001,pu_014,-0.000125861
2001,pu_002,pu_014,0.009331985
2001,pu_003,pu_014,-0.000368015
2001,pu_004,pu_014,-0.022338663
2001,pu_005,pu_014,0.061390326
2001,pu_006,pu_014,0.034642936
2001,pu_007,pu_014,0.039842936
2001,pu_008,pu_014,-0.001965395
2001,pu_009,pu_014,0.133600224
2001,pu_010,pu_014,0.122590697
2001,pu_011,pu_014,0.145290697
2001,pu_012,pu_014,0.071671166
2001,pu_013,pu_014,0.212267238
2001,pu_014,pu_014,0.178326156
2001,pu_015,pu_014,0.170026156
2001,pu_016,pu_014,0.110903686
2001,pu_001,pu_015,-0.020138663
2001,pu_002,pu_015,-0.000368015
2001,pu_003,pu_015,0.030131985
2001,pu_004,pu_015,0.025774139
2001,pu_005,pu_015,-0.002765395
2001,pu_006,pu_015,0.018742936
2001,pu_007,pu_015,0.050942936
2001,pu_008,pu_015,0.032590326
2001,pu_009,pu_015,0.077171166
2001,pu_010,pu_015,0.128290697
2001,pu_011,pu_015,0.155990697
2001,pu_012,pu_015,0.134600224
2001,pu_013,pu_015,0.103303686
2001,pu_014,pu_015,0.155726156
2001,pu_015,pu_015,0.169326156
2001,pu_016,pu_015,0.208367238
2001,pu_001,pu_016,0.0066
2001,pu_002,pu_016,0.0131
2001,pu_003,pu_016,-0.007568015
2001,pu_004,pu_016,0.014574139
2001,pu_005,pu_016,-0.0051
2001,pu_006,pu_016,-0.0005
2001,pu_007,pu_016,0.035242936
2001,pu_008,pu_016,0.030290326
2001,pu_009,pu_016,0.013384004
2001,pu_010,pu_016,0.040327457
2001,pu_011,pu_016,0.118790697
2001,pu_012,pu_016,0.183900224
2001,pu_013,pu_016,0.05660197
2001,pu_014,pu_016,0.082013419
2001,pu_015,pu_016,0.141926156
2001,pu_016,pu_016,0.183267238
2002,pu_001,pu_001,0.170167238
2002,pu_002,pu_001,0.178022888
2002,pu_003,pu_001,0.131926156
2002,pu_004,pu_001,0.051075748
2002,pu_005,pu_001,0.042413419
2002,pu_006,pu_001,0.04878277
2002,pu_007,pu_001,-0.00439803
2002,pu_008,pu_001,0.04010197
2002,pu_009,pu_001,0.140767238
2002,pu_010,pu_001,0.132710133
2002,pu_011,pu_001,0.133542175
2002,pu_012,pu_001,0.058113419
2002,pu_013,pu_001,0.054706338
2002,pu_014,pu_001,0.01800197
2002,pu_015,pu_001,0.06100197
2002,pu_016,pu_001,-0.0134
2002,pu_001,pu_002,0.130915751
2002,pu_002,pu_002,0.12508024
2002,pu_003,pu_002,0.09268024
2002,pu_004,pu_002,0.114513541
2002,pu_005,pu_002,0.15818532
2002,pu_006,pu_002,0.126897033
2002,pu_007,pu_002,0.122597033
2002,pu_008,pu_002,0.044416372
2002,pu_009,pu_002,0.067077573
2002,pu_010,pu_002,0.011004187
2002,pu_011,pu_002,0.003104187
2002,pu_012,pu_002,0.028190282
2002,pu_013,pu_002,0.044589893
2002,pu_014,pu_002,0.009132483
2002,pu_015,pu_002,-0.006867517
2002,pu_016,pu_002,0.025769725
2002,pu_001,pu_003,0.072113541
2002,pu_002,pu_003,0.10688024
2002,pu_003,pu_003,0.12268024
2002,pu_004,pu_003,0.146315751
2002,pu_005,pu_003,0.036016372
2002,pu_006,pu_003,0.137897033
2002,pu_007,pu_003,0.103097033
2002,pu_008,pu_003,0.10708532
2002,pu_009,pu_003,-0.022409718
2002,pu_010,pu_003,-0.002495813
2002,pu_011,pu_003,-0.012895813
2002,pu_012,pu_003,0.014877573
2002,pu_013,pu_003,0.024169725
2002,pu_014,pu_003,0.026732483
2002,pu_015,pu_003,0.041332483
2002,pu_016,pu_003,0.029589893
2002,pu_001,pu_004,0.032593537
2002,pu_002,pu_004,0.025803677
2002,pu_003,pu_004,0.14048024
2002,pu_004,pu_004,0.139815751
2002,pu_005,pu_004,0.006473809
2002,pu_006,pu_004,0.029664447
2002,pu_007,pu_004,0.081397033
2002,pu_008,pu_004,0.12068532
2002,pu_009,pu_004,0.0077
2002,pu_010,pu_004,-0.0157
2002,pu_011,pu_004,-0.001995813
2002,pu_012,pu_004,0.028277573
2002,pu_013,pu_004,-0.0235
2002,pu_014,pu_004,-0.0468
2002,pu_015,pu_004,0.044132483
2002,pu_016,pu_004,-0.013910107
2002,pu_001,pu_005,0.146915751
2002,pu_002,pu_005,0.13988024
2002,pu_003,pu_005,0.034385235
2002,pu_004,pu_005,0.020102381
2002,pu_005,pu_005,0.13188532
2002,pu_006,pu_005,0.123297033
2002,pu_007,pu_005,-0.009535601
2002,pu_008,pu_005,0.018473658
2002,pu_009,pu_005,0.091300224
2002,pu_010,pu_005,0.095190697
2002,pu_011,pu_005,0.027321878
2002,pu_012,pu_005,-0.007467754
2002,pu_013,pu_005,0.042594131
2002,pu_014,pu_005,0.03574067
2002,pu_015,pu_005,-0.001203292
2002,pu_016,pu_005,0.017613558
2002,pu_001,pu_006,0.168715751
2002,pu_002,pu_006,0.12018024
2002,pu_003,pu_006,0.13088024
2002,pu_004,pu_006,0.110767832
2002,pu_005,pu_006,0.12548532
2002,pu_006,pu_006,0.088297033
2002,pu_007,pu_006,0.087597033
2002,pu_008,pu_006,0.069116312
2002,pu_009,pu_006,0.149700224
2002,pu_010,pu_006,0.136790697
2002,pu_011,pu_006,0.110390697
2002,pu_012,pu_006,0.005016886
2002,pu_013,pu_006,0.013494131
2002,pu_014,pu_006,0.02184067
2002,pu_015,pu_006,0.01004067
2002,pu_016,pu_006,0.005268061
2002,pu_001,pu_007,0.093067832
2002,pu_002,pu_007,0.12478024
2002,pu_003,pu_007,0.15958024
2002,pu_004,pu_007,0.158015751
2002,pu_005,pu_007,0.082816312
2002,pu_006,pu_007,0.133997033
2002,pu_007,pu_007,0.100997033
2002,pu_008,pu_007,0.15588532
2002,pu_009,pu_007,0.014816886
2002,pu_010,pu_007,0.099090697
2002,pu_011,pu_007,0.082290697
2002,pu_012,pu_007,0.116300224
2002,pu_013,pu_007,0.080868061
2002,pu_014,pu_007,0.03914067
2002,pu_015,pu_007,0.02694067
2002,pu_016,pu_007,0.041394131
2002,pu_001,pu_008,0.069102381
2002,pu_002,pu_008,0.015485235
2002,pu_003,pu_008,0.10638024
2002,pu_004,pu_008,0.146515751
2002,pu_005,pu_008,0.036573658
2002,pu_006,pu_008,0.020764399
2002,pu_007,pu_008,0.115197033
2002,pu_008,pu_008,0.12788532
2002,pu_009,pu_008,0.023832246
2002,pu_010,pu_008,0.059121878
2002,pu_011,pu_008,0.087390697
2002,pu_012,pu_008,0.163000224
2002,pu_013,pu_008,-0.012886442
2002,pu_014,pu_008,0.018596708
2002,pu_015,pu_008,0.00404067
2002,pu_016,pu_008,0.026394131
2002,pu_001,pu_009,0.029129614
2002,pu_002,pu_009,0.070395112
2002,pu_003,pu_009,0.035148356
2002,pu_004,pu_009,0.028138698
2002,pu_005,pu_009,0.14868532
2002,pu_006,pu_009,0.111897033
2002,pu_007,pu_009,0.020169044
2002,pu_008,pu_009,-0.006678085
2002,pu_009,pu_009,0.139800224
2002,pu_010,pu_009,0.098590697
2002,pu_011,pu_009,0.03652183
2002,pu_012,pu_009,0.047832098
2002,pu_013,pu_009,0.171367238
2002,pu_014,pu_009,0.133526156
2002,pu_015,pu_009,0.079013473
2002,pu_016,pu_009,0.047002256
2002,pu_001,pu_010,0.069229614
2002,pu_002,pu_010,0.032295112
2002,pu_003,pu_010,0.014995112
2002,pu_004,pu_010,0.062252163
2002,pu_005,pu_010,0.12238532
2002,pu_006,pu_010,0.090097033
2002,pu_007,pu_010,0.136797033
2002,pu_008,pu_010,0.042070756
2002,pu_009,pu_010,0.159400224
2002,pu_010,pu_010,0.079890697
2002,pu_011,pu_010,0.095490697
2002,pu_012,pu_010,0.003516825
2002,pu_013,pu_010,0.158867238
2002,pu_014,pu_010,0.133326156
2002,pu_015,pu_010,0.128826156
2002,pu_016,pu_010,0.035303747
2002,pu_001,pu_011,0.042952163
2002,pu_002,pu_011,0.044195112
2002,pu_003,pu_011,0.062995112
2002,pu_004,pu_011,0.049729614
2002,pu_005,pu_011,0.037970756
2002,pu_006,pu_011,0.080397033
2002,pu_007,pu_011,0.077397033
2002,pu_008,pu_011,0.12958532
2002,pu_009,pu_011,0.046416825
2002,pu_010,pu_011,0.080790697
2002,pu_011,pu_011,0.134490697
2002,pu_012,pu_011,0.095600224
2002,pu_013,pu_011,0.055303747
2002,pu_014,pu_011,0.084026156
2002,pu_015,pu_011,0.144826156
2002,pu_016,pu_011,0.185067238
2002,pu_001,pu_012,-0.013761302
2002,pu_002,pu_012,0.035548356
2002,pu_003,pu_012,0.054295112
2002,pu_004,pu_012,0.039329614
2002,pu_005,pu_012,-0.036778085
2002,pu_006,pu_012,0.033369044
2002,pu_007,pu_012,0.095997033
2002,pu_008,pu_012,0.13448532
2002,pu_009,pu_012,0.004132098
2002,pu_010,pu_012,0.03202183
2002,pu_011,pu_012,0.101890697
2002,pu_012,pu_012,0.150400224
2002,pu_013,pu_012,0.055802256
2002,pu_014,pu_012,0.048513473
2002,pu_015,pu_012,0.167326156
2002,pu_016,pu_012,0.192467238
2002,pu_001,pu_013,0.023074139
2002,pu_002,pu_013,-0.004968015
2002,pu_003,pu_013,-0.027
2002,pu_004,pu_013,0.014
2002,pu_005,pu_013,0.047390326
2002,pu_006,pu_013,-0.019057064
2002,pu_007,pu_013,-0.0259
2002,pu_008,pu_013,-0.027
2002,pu_009,pu_013,0.167900224
2002,pu_010,pu_013,0.072890697
2002,pu_011,pu_013,-0.008772543
2002,pu_012,pu_013,0.044184004
2002,pu_013,pu_013,0.133867238
2002,pu_014,pu_013,0.132026156
2002,pu_015,pu_013,0.050113419
2002,pu_016,pu_013,0.01550197
2002,pu_001,pu_014,0.015974139
2002,pu_002,pu_014,-0.026368015
2002,pu_003,pu_014,-0.009268015
2002,pu_004,pu_014,-0.006838663
2002,pu_005,pu_014,0.022190326
2002,pu_006,pu_014,0.021542936
2002,pu_007,pu_014,0.043642936
2002,pu_008,pu_014,0.012034605
2002,pu_009,pu_014,0.125300224
2002,pu_010,pu_014,0.081690697
2002,pu_011,pu_014,0.119090697
2002,pu_012,pu_014,0.033771166
2002,pu_013,pu_014,0.180467238
2002,pu_014,pu_014,0.151826156
2002,pu_015,pu_014,0.151726156
2002,pu_016,pu_014,0.104903686
2002,pu_001,pu_015,-0.012838663
2002,pu_002,pu_015,0.012031985
2002,pu_003,pu_015,-0.006668015
2002,pu_004,pu_015,0.019374139
2002,pu_005,pu_015,0.001134605
2002,pu_006,pu_015,0.020942936
2002,pu_007,pu_015,0.015142936
2002,pu_008,pu_015,0.025390326
2002,pu_009,pu_015,0.045871166
2002,pu_010,pu_015,0.087090697
2002,pu_011,pu_015,0.112590697
2002,pu_012,pu_015,0.128400224
2002,pu_013,pu_015,0.068203686
2002,pu_014,pu_015,0.115026156
2002,pu_015,pu_015,0.121226156
2002,pu_016,pu_015,0.190367238
2002,pu_001,pu_016,0.0254
2002,pu_002,pu_016,0.0073
2002,pu_003,pu_016,3.20E-05
2002,pu_004,pu_016,-0.025425861
2002,pu_005,pu_016,-0.0054
2002,pu_006,pu_016,-0.0285
2002,pu_007,pu_016,0.017842936
2002,pu_008,pu_016,0.011590326
2002,pu_009,pu_016,0.001684004
2002,pu_010,pu_016,0.033827457
2002,pu_011,pu_016,0.094590697
2002,pu_012,pu_016,0.155700224
2002,pu_013,pu_016,0.05140197
2002,pu_014,pu_016,0.056713419
2002,pu_015,pu_016,0.109926156
2002,pu_016,pu_016,0.158467238
2003,pu_001,pu_001,0.206867238
2003,pu_002,pu_001,0.202922888
2003,pu_003,pu_001,0.144726156
2003,pu_004,pu_001,0.067175748
2003,pu_005,pu_001,0.070913419
2003,pu_006,pu_001,0.08678277
2003,pu_007,pu_001,0.02000197
2003,pu_008,pu_001,0.02990197
2003,pu_009,pu_001,0.145767238
2003,pu_010,pu_001,0.172110133
2003,pu_011,pu_001,0.145942175
2003,pu_012,pu_001,0.049813419
2003,pu_013,pu_001,0.091606338
2003,pu_014,pu_001,0.01110197
2003,pu_015,pu_001,0.05460197
2003,pu_016,pu_001,-0.0061
2003,pu_001,pu_002,0.186715751
2003,pu_002,pu_002,0.15688024
2003,pu_003,pu_002,0.11438024
2003,pu_004,pu_002,0.120213541
2003,pu_005,pu_002,0.20508532
2003,pu_006,pu_002,0.166797033
2003,pu_007,pu_002,0.145197033
2003,pu_008,pu_002,0.082716372
2003,pu_009,pu_002,0.069677573
2003,pu_010,pu_002,0.026804187
2003,pu_011,pu_002,0.040804187
2003,pu_012,pu_002,0.022690282
2003,pu_013,pu_002,0.035089893
2003,pu_014,pu_002,0.017032483
2003,pu_015,pu_002,0.016732483
2003,pu_016,pu_002,-0.001230275
2003,pu_001,pu_003,0.109813541
2003,pu_002,pu_003,0.13988024
2003,pu_003,pu_003,0.16648024
2003,pu_004,pu_003,0.183615751
2003,pu_005,pu_003,0.035516372
2003,pu_006,pu_003,0.179497033
2003,pu_007,pu_003,0.155497033
2003,pu_008,pu_003,0.15038532
2003,pu_009,pu_003,-0.032709718
2003,pu_010,pu_003,0.008104187
2003,pu_011,pu_003,0.025904187
2003,pu_012,pu_003,0.046277573
2003,pu_013,pu_003,0.041569725
2003,pu_014,pu_003,0.030832483
2003,pu_015,pu_003,0.033632483
2003,pu_016,pu_003,0.024489893
2003,pu_001,pu_004,0.030893537
2003,pu_002,pu_004,0.064703677
2003,pu_003,pu_004,0.17318024
2003,pu_004,pu_004,0.200115751
2003,pu_005,pu_004,0.022273809
2003,pu_006,pu_004,0.059764447
2003,pu_007,pu_004,0.099397033
2003,pu_008,pu_004,0.16948532
2003,pu_009,pu_004,-0.0067
2003,pu_010,pu_004,-0.0083
2003,pu_011,pu_004,0.010104187
2003,pu_012,pu_004,0.041077573
2003,pu_013,pu_004,-0.0141
2003,pu_014,pu_004,-0.0761
2003,pu_015,pu_004,0.059032483
2003,pu_016,pu_004,0.006589893
2003,pu_001,pu_005,0.170815751
2003,pu_002,pu_005,0.15808024
2003,pu_003,pu_005,0.074085235
2003,pu_004,pu_005,0.039702381
2003,pu_005,pu_005,0.19628532
2003,pu_006,pu_005,0.178497033
2003,pu_007,pu_005,0.006164399
2003,pu_008,pu_005,0.057473658
2003,pu_009,pu_005,0.120500224
2003,pu_010,pu_005,0.119890697
2003,pu_011,pu_005,0.037521878
2003,pu_012,pu_005,-0.007467754
2003,pu_013,pu_005,0.051794131
2003,pu_014,pu_005,0.03264067
2003,pu_015,pu_005,-0.014603292
2003,pu_016,pu_005,0.025213558
2003,pu_001,pu_006,0.216515751
2003,pu_002,pu_006,0.14718024
2003,pu_003,pu_006,0.15518024
2003,pu_004,pu_006,0.112667832
2003,pu_005,pu_006,0.15518532
2003,pu_006,pu_006,0.114697033
2003,pu_007,pu_006,0.105997033
2003,pu_008,pu_006,0.110016312
2003,pu_009,pu_006,0.169500224
2003,pu_010,pu_006,0.165190697
2003,pu_011,pu_006,0.156590697
2003,pu_012,pu_006,0.019216886
2003,pu_013,pu_006,0.026694131
2003,pu_014,pu_006,0.06264067
2003,pu_015,pu_006,0.02484067
2003,pu_016,pu_006,0.007868061
2003,pu_001,pu_007,0.087367832
2003,pu_002,pu_007,0.14638024
2003,pu_003,pu_007,0.21648024
2003,pu_004,pu_007,0.181615751
2003,pu_005,pu_007,0.125216312
2003,pu_006,pu_007,0.193397033
2003,pu_007,pu_007,0.164697033
2003,pu_008,pu_007,0.17698532
2003,pu_009,pu_007,0.037316886
2003,pu_010,pu_007,0.108390697
2003,pu_011,pu_007,0.139290697
2003,pu_012,pu_007,0.135200224
2003,pu_013,pu_007,0.103368061
2003,pu_014,pu_007,0.04284067
2003,pu_015,pu_007,0.06434067
2003,pu_016,pu_007,0.061594131
2003,pu_001,pu_008,0.088102381
2003,pu_002,pu_008,0.009385235
2003,pu_003,pu_008,0.12368024
2003,pu_004,pu_008,0.184915751
2003,pu_005,pu_008,0.063673658
2003,pu_006,pu_008,0.068364399
2003,pu_007,pu_008,0.126897033
2003,pu_008,pu_008,0.18758532
2003,pu_009,pu_008,0.041632246
2003,pu_010,pu_008,0.095021878
2003,pu_011,pu_008,0.118790697
2003,pu_012,pu_008,0.200800224
2003,pu_013,pu_008,-0.008586442
2003,pu_014,pu_008,0.011596708
2003,pu_015,pu_008,0.01014067
2003,pu_016,pu_008,0.038994131
2003,pu_001,pu_009,0.034829614
2003,pu_002,pu_009,0.080995112
2003,pu_003,pu_009,0.016748356
2003,pu_004,pu_009,0.023238698
2003,pu_005,pu_009,0.20848532
2003,pu_006,pu_009,0.139197033
2003,pu_007,pu_009,0.059469044
2003,pu_008,pu_009,-0.026078085
2003,pu_009,pu_009,0.200200224
2003,pu_010,pu_009,0.137390697
2003,pu_011,pu_009,0.04402183
2003,pu_012,pu_009,0.045932098
2003,pu_013,pu_009,0.228667238
2003,pu_014,pu_009,0.136626156
2003,pu_015,pu_009,0.086713473
2003,pu_016,pu_009,0.035602256
2003,pu_001,pu_010,0.097029614
2003,pu_002,pu_010,0.049495112
2003,pu_003,pu_010,0.052295112
2003,pu_004,pu_010,0.052052163
2003,pu_005,pu_010,0.13488532
2003,pu_006,pu_010,0.128897033
2003,pu_007,pu_010,0.162297033
2003,pu_008,pu_010,0.043470756
2003,pu_009,pu_010,0.196000224
2003,pu_010,pu_010,0.140490697
2003,pu_011,pu_010,0.128890697
2003,pu_012,pu_010,0.052416825
2003,pu_013,pu_010,0.208867238
2003,pu_014,pu_010,0.183826156
2003,pu_015,pu_010,0.178426156
2003,pu_016,pu_010,0.041303747
2003,pu_001,pu_011,0.030552163
2003,pu_002,pu_011,0.054495112
2003,pu_003,pu_011,0.083195112
2003,pu_004,pu_011,0.063829614
2003,pu_005,pu_011,0.044170756
2003,pu_006,pu_011,0.095597033
2003,pu_007,pu_011,0.117897033
2003,pu_008,pu_011,0.15378532
2003,pu_009,pu_011,0.088216825
2003,pu_010,pu_011,0.100790697
2003,pu_011,pu_011,0.168590697
2003,pu_012,pu_011,0.115100224
2003,pu_013,pu_011,0.082303747
2003,pu_014,pu_011,0.084226156
2003,pu_015,pu_011,0.203626156
2003,pu_016,pu_011,0.227367238
2003,pu_001,pu_012,-0.002361302
2003,pu_002,pu_012,0.039248356
2003,pu_003,pu_012,0.089395112
2003,pu_004,pu_012,0.055429614
2003,pu_005,pu_012,-0.035078085
2003,pu_006,pu_012,0.062369044
2003,pu_007,pu_012,0.106797033
2003,pu_008,pu_012,0.14508532
2003,pu_009,pu_012,0.015532098
2003,pu_010,pu_012,0.04712183
2003,pu_011,pu_012,0.119590697
2003,pu_012,pu_012,0.177200224
2003,pu_013,pu_012,0.061102256
2003,pu_014,pu_012,0.056713473
2003,pu_015,pu_012,0.201626156
2003,pu_016,pu_012,0.232367238
2003,pu_001,pu_013,0.045674139
2003,pu_002,pu_013,-0.003868015
2003,pu_003,pu_013,-0.0347
2003,pu_004,pu_013,0.0033
2003,pu_005,pu_013,0.067190326
2003,pu_006,pu_013,-0.026357064
2003,pu_007,pu_013,-0.0148
2003,pu_008,pu_013,-0.0384
2003,pu_009,pu_013,0.184400224
2003,pu_010,pu_013,0.115190697
2003,pu_011,pu_013,-0.013672543
2003,pu_012,pu_013,0.030184004
2003,pu_013,pu_013,0.189667238
2003,pu_014,pu_013,0.154926156
2003,pu_015,pu_013,0.083413419
2003,pu_016,pu_013,0.04550197
2003,pu_001,pu_014,0.037774139
2003,pu_002,pu_014,-0.008868015
2003,pu_003,pu_014,-0.023968015
2003,pu_004,pu_014,-0.006838663
2003,pu_005,pu_014,0.058490326
2003,pu_006,pu_014,0.053742936
2003,pu_007,pu_014,0.061742936
2003,pu_008,pu_014,0.011434605
2003,pu_009,pu_014,0.134000224
2003,pu_010,pu_014,0.093190697
2003,pu_011,pu_014,0.147490697
2003,pu_012,pu_014,0.049471166
2003,pu_013,pu_014,0.197067238
2003,pu_014,pu_014,0.183926156
2003,pu_015,pu_014,0.202126156
2003,pu_016,pu_014,0.142003686
2003,pu_001,pu_015,-0.025238663
2003,pu_002,pu_015,0.032631985
2003,pu_003,pu_015,0.031831985
2003,pu_004,pu_015,0.045474139
2003,pu_005,pu_015,0.007034605
2003,pu_006,pu_015,0.040842936
2003,pu_007,pu_015,0.027142936
2003,pu_008,pu_015,0.033790326
2003,pu_009,pu_015,0.038971166
2003,pu_010,pu_015,0.093990697
2003,pu_011,pu_015,0.148690697
2003,pu_012,pu_015,0.157000224
2003,pu_013,pu_015,0.069203686
2003,pu_014,pu_015,0.146626156
2003,pu_015,pu_015,0.142226156
2003,pu_016,pu_015,0.225067238
2003,pu_001,pu_016,-0.0077
2003,pu_002,pu_016,-0.0121
2003,pu_003,pu_016,-0.017368015
2003,pu_004,pu_016,-0.015325861
2003,pu_005,pu_016,-0.0244
2003,pu_006,pu_016,-0.047
2003,pu_007,pu_016,0.019942936
2003,pu_008,pu_016,0.050090326
2003,pu_009,pu_016,0.023384004
2003,pu_010,pu_016,0.065827457
2003,pu_011,pu_016,0.102890697
2003,pu_012,pu_016,0.167000224
2003,pu_013,pu_016,0.04250197
2003,pu_014,pu_016,0.094013419
2003,pu_015,pu_016,0.145526156
2003,pu_016,pu_016,0.218467238
2004,pu_001,pu_001,0.142467238
2004,pu_002,pu_001,0.171122888
2004,pu_003,pu_001,0.104926156
2004,pu_004,pu_001,0.031875748
2004,pu_005,pu_001,0.056513419
2004,pu_006,pu_001,0.07158277
2004,pu_007,pu_001,0.01270197
2004,pu_008,pu_001,0.02350197
2004,pu_009,pu_001,0.112067238
2004,pu_010,pu_001,0.177210133
2004,pu_011,pu_001,0.142942175
2004,pu_012,pu_001,0.037313419
2004,pu_013,pu_001,0.056806338
2004,pu_014,pu_001,-0.00019803
2004,pu_015,pu_001,0.04270197
2004,pu_016,pu_001,0.0241
2004,pu_001,pu_002,0.149215751
2004,pu_002,pu_002,0.12428024
2004,pu_003,pu_002,0.07158024
2004,pu_004,pu_002,0.089913541
2004,pu_005,pu_002,0.17768532
2004,pu_006,pu_002,0.124997033
2004,pu_007,pu_002,0.114997033
2004,pu_008,pu_002,0.090216372
2004,pu_009,pu_002,0.054677573
2004,pu_010,pu_002,0.010104187
2004,pu_011,pu_002,0.028204187
2004,pu_012,pu_002,0.014890282
2004,pu_013,pu_002,0.048789893
2004,pu_014,pu_002,0.019332483
2004,pu_015,pu_002,-0.012067517
2004,pu_016,pu_002,-0.010330275
2004,pu_001,pu_003,0.084513541
2004,pu_002,pu_003,0.09858024
2004,pu_003,pu_003,0.13738024
2004,pu_004,pu_003,0.172715751
2004,pu_005,pu_003,-8.36E-05
2004,pu_006,pu_003,0.132397033
2004,pu_007,pu_003,0.114097033
2004,pu_008,pu_003,0.12188532
2004,pu_009,pu_003,-0.029509718
2004,pu_010,pu_003,0.010604187
2004,pu_011,pu_003,0.021704187
2004,pu_012,pu_003,0.037677573
2004,pu_013,pu_003,0.044369725
2004,pu_014,pu_003,0.033932483
2004,pu_015,pu_003,0.028032483
2004,pu_016,pu_003,-0.003310107
2004,pu_001,pu_004,0.024993537
2004,pu_002,pu_004,0.054703677
2004,pu_003,pu_004,0.15388024
2004,pu_004,pu_004,0.134715751
2004,pu_005,pu_004,-0.005526191
2004,pu_006,pu_004,0.052764447
2004,pu_007,pu_004,0.059097033
2004,pu_008,pu_004,0.15828532
2004,pu_009,pu_004,0.0191
2004,pu_010,pu_004,0.0104
2004,pu_011,pu_004,-0.029095813
2004,pu_012,pu_004,0.009877573
2004,pu_013,pu_004,-0.0146
2004,pu_014,pu_004,-0.0799
2004,pu_015,pu_004,0.039132483
2004,pu_016,pu_004,-0.029910107
2004,pu_001,pu_005,0.149215751
2004,pu_002,pu_005,0.12388024
2004,pu_003,pu_005,0.059585235
2004,pu_004,pu_005,0.058702381
2004,pu_005,pu_005,0.16918532
2004,pu_006,pu_005,0.167297033
2004,pu_007,pu_005,0.004164399
2004,pu_008,pu_005,0.025073658
2004,pu_009,pu_005,0.068500224
2004,pu_010,pu_005,0.116590697
2004,pu_011,pu_005,0.010521878
2004,pu_012,pu_005,-0.035267754
2004,pu_013,pu_005,0.046494131
2004,pu_014,pu_005,0.01154067
2004,pu_015,pu_005,0.003196708
2004,pu_016,pu_005,0.045013558
2004,pu_001,pu_006,0.200615751
2004,pu_002,pu_006,0.09408024
2004,pu_003,pu_006,0.14488024
2004,pu_004,pu_006,0.082967832
2004,pu_005,pu_006,0.12188532
2004,pu_006,pu_006,0.046497033
2004,pu_007,pu_006,0.086797033
2004,pu_008,pu_006,0.097416312
2004,pu_009,pu_006,0.160700224
2004,pu_010,pu_006,0.144090697
2004,pu_011,pu_006,0.107290697
2004,pu_012,pu_006,-0.004883114
2004,pu_013,pu_006,-0.009005869
2004,pu_014,pu_006,0.03074067
2004,pu_015,pu_006,-0.00315933
2004,pu_016,pu_006,0.003468061
2004,pu_001,pu_007,0.069967832
2004,pu_002,pu_007,0.09868024
2004,pu_003,pu_007,0.19678024
2004,pu_004,pu_007,0.147915751
2004,pu_005,pu_007,0.085516312
2004,pu_006,pu_007,0.155197033
2004,pu_007,pu_007,0.098497033
2004,pu_008,pu_007,0.15478532
2004,pu_009,pu_007,0.005916886
2004,pu_010,pu_007,0.100690697
2004,pu_011,pu_007,0.120990697
2004,pu_012,pu_007,0.130100224
2004,pu_013,pu_007,0.111868061
2004,pu_014,pu_007,0.02704067
2004,pu_015,pu_007,0.05334067
2004,pu_016,pu_007,0.047394131
2004,pu_001,pu_008,0.078902381
2004,pu_002,pu_008,-0.010114765
2004,pu_003,pu_008,0.08408024
2004,pu_004,pu_008,0.170215751
2004,pu_005,pu_008,0.066273658
2004,pu_006,pu_008,0.033864399
2004,pu_007,pu_008,0.074597033
2004,pu_008,pu_008,0.13648532
2004,pu_009,pu_008,0.040232246
2004,pu_010,pu_008,0.072521878
2004,pu_011,pu_008,0.078690697
2004,pu_012,pu_008,0.184800224
2004,pu_013,pu_008,0.004013558
2004,pu_014,pu_008,0.018396708
2004,pu_015,pu_008,0.01694067
2004,pu_016,pu_008,0.020794131
2004,pu_001,pu_009,0.001229614
2004,pu_002,pu_009,0.051895112
2004,pu_003,pu_009,-0.006251644
2004,pu_004,pu_009,0.023238698
2004,pu_005,pu_009,0.18108532
2004,pu_006,pu_009,0.097697033
2004,pu_007,pu_009,0.055069044
2004,pu_008,pu_009,-0.042378085
2004,pu_009,pu_009,0.144300224
2004,pu_010,pu_009,0.109590697
2004,pu_011,pu_009,0.01272183
2004,pu_012,pu_009,0.017032098
2004,pu_013,pu_009,0.208467238
2004,pu_014,pu_009,0.088126156
2004,pu_015,pu_009,0.094313473
2004,pu_016,pu_009,0.033902256
2004,pu_001,pu_010,0.096229614
2004,pu_002,pu_010,0.037395112
2004,pu_003,pu_010,0.022395112
2004,pu_004,pu_010,0.066152163
2004,pu_005,pu_010,0.09748532
2004,pu_006,pu_010,0.108797033
2004,pu_007,pu_010,0.147697033
2004,pu_008,pu_010,0.011670756
2004,pu_009,pu_010,0.149000224
2004,pu_010,pu_010,0.086790697
2004,pu_011,pu_010,0.082590697
2004,pu_012,pu_010,0.045916825
2004,pu_013,pu_010,0.164367238
2004,pu_014,pu_010,0.155326156
2004,pu_015,pu_010,0.150426156
2004,pu_016,pu_010,0.022903747
2004,pu_001,pu_011,0.046452163
2004,pu_002,pu_011,0.031895112
2004,pu_003,pu_011,0.068995112
2004,pu_004,pu_011,0.051929614
2004,pu_005,pu_011,0.011170756
2004,pu_006,pu_011,0.057497033
2004,pu_007,pu_011,0.058897033
2004,pu_008,pu_011,0.11138532
2004,pu_009,pu_011,0.048916825
2004,pu_010,pu_011,0.082590697
2004,pu_011,pu_011,0.121790697
2004,pu_012,pu_011,0.090800224
2004,pu_013,pu_011,0.088803747
2004,pu_014,pu_011,0.040226156
2004,pu_015,pu_011,0.159926156
2004,pu_016,pu_011,0.182367238
2004,pu_001,pu_012,-0.006961302
2004,pu_002,pu_012,0.018748356
2004,pu_003,pu_012,0.059195112
2004,pu_004,pu_012,0.041329614
2004,pu_005,pu_012,-0.056578085
2004,pu_006,pu_012,0.047069044
2004,pu_007,pu_012,0.072897033
2004,pu_008,pu_012,0.11258532
2004,pu_009,pu_012,0.006832098
2004,pu_010,pu_012,-0.00067817
2004,pu_011,pu_012,0.088490697
2004,pu_012,pu_012,0.128700224
2004,pu_013,pu_012,0.065302256
2004,pu_014,pu_012,0.056013473
2004,pu_015,pu_012,0.169926156
2004,pu_016,pu_012,0.216267238
2004,pu_001,pu_013,0.055174139
2004,pu_002,pu_013,-0.012468015
2004,pu_003,pu_013,-0.0547
2004,pu_004,pu_013,0.0268
2004,pu_005,pu_013,0.023690326
2004,pu_006,pu_013,-0.037257064
2004,pu_007,pu_013,-0.0325
2004,pu_008,pu_013,-0.0549
2004,pu_009,pu_013,0.132300224
2004,pu_010,pu_013,0.071490697
2004,pu_011,pu_013,-0.008072543
2004,pu_012,pu_013,0.030684004
2004,pu_013,pu_013,0.143167238
2004,pu_014,pu_013,0.098326156
2004,pu_015,pu_013,0.061113419
2004,pu_016,pu_013,0.03740197
2004,pu_001,pu_014,0.013574139
2004,pu_002,pu_014,-0.016968015
2004,pu_003,pu_014,-0.023568015
2004,pu_004,pu_014,0.007761337
2004,pu_005,pu_014,0.031590326
2004,pu_006,pu_014,0.006142936
2004,pu_007,pu_014,0.024642936
2004,pu_008,pu_014,0.004034605
2004,pu_009,pu_014,0.112200224
2004,pu_010,pu_014,0.035890697
2004,pu_011,pu_014,0.108990697
2004,pu_012,pu_014,0.017471166
2004,pu_013,pu_014,0.183267238
2004,pu_014,pu_014,0.143126156
2004,pu_015,pu_014,0.174526156
2004,pu_016,pu_014,0.101403686
2004,pu_001,pu_015,-0.027338663
2004,pu_002,pu_015,0.019831985
2004,pu_003,pu_015,0.038031985
2004,pu_004,pu_015,0.022574139
2004,pu_005,pu_015,-0.013265395
2004,pu_006,pu_015,0.033942936
2004,pu_007,pu_015,0.019642936
2004,pu_008,pu_015,0.036090326
2004,pu_009,pu_015,0.043971166
2004,pu_010,pu_015,0.060190697
2004,pu_011,pu_015,0.109390697
2004,pu_012,pu_015,0.125000224
2004,pu_013,pu_015,0.063103686
2004,pu_014,pu_015,0.110326156
2004,pu_015,pu_015,0.086326156
2004,pu_016,pu_015,0.170867238
2004,pu_001,pu_016,0.0206
2004,pu_002,pu_016,-0.0014
2004,pu_003,pu_016,-0.043168015
2004,pu_004,pu_016,-0.038325861
2004,pu_005,pu_016,-0.0135
2004,pu_006,pu_016,-0.0708
2004,pu_007,pu_016,0.027642936
2004,pu_008,pu_016,0.008290326
2004,pu_009,pu_016,0.001184004
2004,pu_010,pu_016,0.059327457
2004,pu_011,pu_016,0.095090697
2004,pu_012,pu_016,0.131900224
2004,pu_013,pu_016,0.03040197
2004,pu_014,pu_016,0.050913419
2004,pu_015,pu_016,0.092726156
2004,pu_016,pu_016,0.157967238
2005,pu_001,pu_001,0.199567238
2005,pu_002,pu_001,0.228022888
2005,pu_003,pu_001,0.128326156
2005,pu_004,pu_001,0.064175748
2005,pu_005,pu_001,0.096613419
2005,pu_006,pu_001,0.08788277
2005,pu_007,pu_001,0.05180197
2005,pu_008,pu_001,0.02920197
2005,pu_009,pu_001,0.137067238
2005,pu_010,pu_001,0.167710133
2005,pu_011,pu_001,0.158142175
2005,pu_012,pu_001,0.007913419
2005,pu_013,pu_001,0.074806338
2005,pu_014,pu_001,0.02500197
2005,pu_015,pu_001,0.03230197
2005,pu_016,pu_001,-0.0032
2005,pu_001,pu_002,0.203315751
2005,pu_002,pu_002,0.14428024
2005,pu_003,pu_002,0.09148024
2005,pu_004,pu_002,0.131613541
2005,pu_005,pu_002,0.22168532
2005,pu_006,pu_002,0.142297033
2005,pu_007,pu_002,0.122897033
2005,pu_008,pu_002,0.109816372
2005,pu_009,pu_002,0.053577573
2005,pu_010,pu_002,0.041404187
2005,pu_011,pu_002,0.066404187
2005,pu_012,pu_002,0.035890282
2005,pu_013,pu_002,0.062889893
2005,pu_014,pu_002,0.048832483
2005,pu_015,pu_002,-0.020667517
2005,pu_016,pu_002,0.004069725
2005,pu_001,pu_003,0.114313541
2005,pu_002,pu_003,0.11408024
2005,pu_003,pu_003,0.17028024
2005,pu_004,pu_003,0.184915751
2005,pu_005,pu_003,0.035216372
2005,pu_006,pu_003,0.132997033
2005,pu_007,pu_003,0.133197033
2005,pu_008,pu_003,0.14038532
2005,pu_009,pu_003,-0.038209718
2005,pu_010,pu_003,0.047804187
2005,pu_011,pu_003,0.070404187
2005,pu_012,pu_003,0.036977573
2005,pu_013,pu_003,0.027769725
2005,pu_014,pu_003,0.018332483
2005,pu_015,pu_003,0.032732483
2005,pu_016,pu_003,-0.004210107
2005,pu_001,pu_004,0.050693537
2005,pu_002,pu_004,0.097403677
2005,pu_003,pu_004,0.18738024
2005,pu_004,pu_004,0.164215751
2005,pu_005,pu_004,-0.003426191
2005,pu_006,pu_004,0.069064447
2005,pu_007,pu_004,0.078397033
2005,pu_008,pu_004,0.20518532
2005,pu_009,pu_004,0.0198
2005,pu_010,pu_004,-0.0044
2005,pu_011,pu_004,0.006604187
2005,pu_012,pu_004,0.041077573
2005,pu_013,pu_004,-0.0496
2005,pu_014,pu_004,-0.06
2005,pu_015,pu_004,0.055932483
2005,pu_016,pu_004,-0.006610107
2005,pu_001,pu_005,0.163315751
2005,pu_002,pu_005,0.15408024
2005,pu_003,pu_005,0.083785235
2005,pu_004,pu_005,0.081702381
2005,pu_005,pu_005,0.23508532
2005,pu_006,pu_005,0.213297033
2005,pu_007,pu_005,0.030464399
2005,pu_008,pu_005,0.054273658
2005,pu_009,pu_005,0.079800224
2005,pu_010,pu_005,0.127390697
2005,pu_011,pu_005,0.009321878
2005,pu_012,pu_005,-0.030567754
2005,pu_013,pu_005,0.048294131
2005,pu_014,pu_005,0.03464067
2005,pu_015,pu_005,-0.003603292
2005,pu_016,pu_005,0.031913558
2005,pu_001,pu_006,0.236515751
2005,pu_002,pu_006,0.10478024
2005,pu_003,pu_006,0.16128024
2005,pu_004,pu_006,0.086067832
2005,pu_005,pu_006,0.15098532
2005,pu_006,pu_006,0.095197033
2005,pu_007,pu_006,0.142897033
2005,pu_008,pu_006,0.145416312
2005,pu_009,pu_006,0.160900224
2005,pu_010,pu_006,0.175490697
2005,pu_011,pu_006,0.125490697
2005,pu_012,pu_006,0.006416886
2005,pu_013,pu_006,0.002694131
2005,pu_014,pu_006,0.06244067
2005,pu_015,pu_006,-0.00115933
2005,pu_016,pu_006,0.018268061
2005,pu_001,pu_007,0.094067832
2005,pu_002,pu_007,0.10508024
2005,pu_003,pu_007,0.23878024
2005,pu_004,pu_007,0.197715751
2005,pu_005,pu_007,0.113316312
2005,pu_006,pu_007,0.194597033
2005,pu_007,pu_007,0.122697033
2005,pu_008,pu_007,0.16808532
2005,pu_009,pu_007,0.009916886
2005,pu_010,pu_007,0.142990697
2005,pu_011,pu_007,0.175790697
2005,pu_012,pu_007,0.160600224
2005,pu_013,pu_007,0.094868061
2005,pu_014,pu_007,0.03864067
2005,pu_015,pu_007,0.07284067
2005,pu_016,pu_007,0.080994131
2005,pu_001,pu_008,0.066002381
2005,pu_002,pu_008,-0.002114765
2005,pu_003,pu_008,0.11658024
2005,pu_004,pu_008,0.205315751
2005,pu_005,pu_008,0.076673658
2005,pu_006,pu_008,0.062164399
2005,pu_007,pu_008,0.086397033
2005,pu_008,pu_008,0.19938532
2005,pu_009,pu_008,0.026632246
2005,pu_010,pu_008,0.100621878
2005,pu_011,pu_008,0.115790697
2005,pu_012,pu_008,0.211600224
2005,pu_013,pu_008,0.022213558
2005,pu_014,pu_008,0.009996708
2005,pu_015,pu_008,0.04064067
2005,pu_016,pu_008,0.045594131
2005,pu_001,pu_009,0.015929614
2005,pu_002,pu_009,0.066895112
2005,pu_003,pu_009,0.002848356
2005,pu_004,pu_009,0.040938698
2005,pu_005,pu_009,0.23448532
2005,pu_006,pu_009,0.104197033
2005,pu_007,pu_009,0.067969044
2005,pu_008,pu_009,-0.041178085
2005,pu_009,pu_009,0.213300224
2005,pu_010,pu_009,0.147890697
2005,pu_011,pu_009,0.01772183
2005,pu_012,pu_009,0.014032098
2005,pu_013,pu_009,0.232967238
2005,pu_014,pu_009,0.125626156
2005,pu_015,pu_009,0.112813473
2005,pu_016,pu_009,0.055402256
2005,pu_001,pu_010,0.120029614
2005,pu_002,pu_010,0.083695112
2005,pu_003,pu_010,0.055995112
2005,pu_004,pu_010,0.046852163
2005,pu_005,pu_010,0.12438532
2005,pu_006,pu_010,0.123497033
2005,pu_007,pu_010,0.163597033
2005,pu_008,pu_010,0.005670756
2005,pu_009,pu_010,0.204900224
2005,pu_010,pu_010,0.137490697
2005,pu_011,pu_010,0.133490697
2005,pu_012,pu_010,0.075116825
2005,pu_013,pu_010,0.191867238
2005,pu_014,pu_010,0.205626156
2005,pu_015,pu_010,0.174826156
2005,pu_016,pu_010,0.043103747
2005,pu_001,pu_011,0.036752163
2005,pu_002,pu_011,0.042795112
2005,pu_003,pu_011,0.107695112
2005,pu_004,pu_011,0.084829614
2005,pu_005,pu_011,0.029170756
2005,pu_006,pu_011,0.102397033
2005,pu_007,pu_011,0.079297033
2005,pu_008,pu_011,0.11518532
2005,pu_009,pu_011,0.089816825
2005,pu_010,pu_011,0.105190697
2005,pu_011,pu_011,0.146290697
2005,pu_012,pu_011,0.105500224
2005,pu_013,pu_011,0.128703747
2005,pu_014,pu_011,0.088026156
2005,pu_015,pu_011,0.215526156
2005,pu_016,pu_011,0.188767238
2005,pu_001,pu_012,-0.035561302
2005,pu_002,pu_012,0.024148356
2005,pu_003,pu_012,0.078095112
2005,pu_004,pu_012,0.065029614
2005,pu_005,pu_012,-0.043578085
2005,pu_006,pu_012,0.068769044
2005,pu_007,pu_012,0.097897033
2005,pu_008,pu_012,0.12788532
2005,pu_009,pu_012,0.020432098
2005,pu_010,pu_012,0.04692183
2005,pu_011,pu_012,0.112990697
2005,pu_012,pu_012,0.154500224
2005,pu_013,pu_012,0.093802256
2005,pu_014,pu_012,0.064613473
2005,pu_015,pu_012,0.179026156
2005,pu_016,pu_012,0.275367238
2005,pu_001,pu_013,0.083074139
2005,pu_002,pu_013,-0.029368015
2005,pu_003,pu_013,-0.0631
2005,pu_004,pu_013,0.0057
2005,pu_005,pu_013,0.056190326
2005,pu_006,pu_013,-0.017257064
2005,pu_007,pu_013,-0.0317
2005,pu_008,pu_013,-0.0584
2005,pu_009,pu_013,0.173400224
2005,pu_010,pu_013,0.072990697
2005,pu_011,pu_013,0.019527457
2005,pu_012,pu_013,0.047184004
2005,pu_013,pu_013,0.186767238
2005,pu_014,pu_013,0.120026156
2005,pu_015,pu_013,0.109113419
2005,pu_016,pu_013,0.04240197
2005,pu_001,pu_014,0.036974139
2005,pu_002,pu_014,0.016731985
2005,pu_003,pu_014,-0.019068015
2005,pu_004,pu_014,-0.018138663
2005,pu_005,pu_014,0.059690326
2005,pu_006,pu_014,0.022642936
2005,pu_007,pu_014,0.042642936
2005,pu_008,pu_014,0.011134605
2005,pu_009,pu_014,0.121000224
2005,pu_010,pu_014,0.065990697
2005,pu_011,pu_014,0.115490697
2005,pu_012,pu_014,0.012471166
2005,pu_013,pu_014,0.204967238
2005,pu_014,pu_014,0.171426156
2005,pu_015,pu_014,0.228626156
2005,pu_016,pu_014,0.103903686
2005,pu_001,pu_015,-0.044838663
2005,pu_002,pu_015,0.048531985
2005,pu_003,pu_015,0.047231985
2005,pu_004,pu_015,0.034674139
2005,pu_005,pu_015,-0.005665395
2005,pu_006,pu_015,0.063542936
2005,pu_007,pu_015,0.021042936
2005,pu_008,pu_015,0.067990326
2005,pu_009,pu_015,0.067971166
2005,pu_010,pu_015,0.065490697
2005,pu_011,pu_015,0.166390697
2005,pu_012,pu_015,0.143500224
2005,pu_013,pu_015,0.080903686
2005,pu_014,pu_015,0.141926156
2005,pu_015,pu_015,0.132826156
2005,pu_016,pu_015,0.206067238
2005,pu_001,pu_016,-0.0169
2005,pu_002,pu_016,-0.0058
2005,pu_003,pu_016,-0.050968015
2005,pu_004,pu_016,-0.023725861
2005,pu_005,pu_016,-0.0008
2005,pu_006,pu_016,-0.0838
2005,pu_007,pu_016,0.020742936
2005,pu_008,pu_016,0.041090326
2005,pu_009,pu_016,0.027484004
2005,pu_010,pu_016,0.071427457
2005,pu_011,pu_016,0.135690697
2005,pu_012,pu_016,0.155500224
2005,pu_013,pu_016,0.05890197
2005,pu_014,pu_016,0.092513419
2005,pu_015,pu_016,0.134926156
2005,pu_016,pu_016,0.178167238
2006,pu_001,pu_001,0.154167238
2006,pu_002,pu_001,0.213022888
2006,pu_003,pu_001,0.109026156
2006,pu_004,pu_001,0.057675748
2006,pu_005,pu_001,0.085613419
2006,pu_006,pu_001,0.06228277
2006,pu_007,pu_001,0.04990197
2006,pu_008,pu_001,0.00230197
2006,pu_009,pu_001,0.134967238
2006,pu_010,pu_001,0.142610133
2006,pu_011,pu_001,0.132642175
2006,pu_012,pu_001,0.036713419
2006,pu_013,pu_001,0.035306338
2006,pu_014,pu_001,-0.00409803
2006,pu_015,pu_001,0.04090197
2006,pu_016,pu_001,-0.0096
2006,pu_001,pu_002,0.189215751
2006,pu_002,pu_002,0.08728024
2006,pu_003,pu_002,0.07638024
2006,pu_004,pu_002,0.093513541
2006,pu_005,pu_002,0.19548532
2006,pu_006,pu_002,0.121097033
2006,pu_007,pu_002,0.112697033
2006,pu_008,pu_002,0.080116372
2006,pu_009,pu_002,0.022277573
2006,pu_010,pu_002,0.007704187
2006,pu_011,pu_002,0.075404187
2006,pu_012,pu_002,0.031790282
2006,pu_013,pu_002,0.060089893
2006,pu_014,pu_002,0.021232483
2006,pu_015,pu_002,-0.002367517
2006,pu_016,pu_002,-0.006430275
2006,pu_001,pu_003,0.076213541
2006,pu_002,pu_003,0.08518024
2006,pu_003,pu_003,0.14838024
2006,pu_004,pu_003,0.127215751
2006,pu_005,pu_003,0.031716372
2006,pu_006,pu_003,0.128997033
2006,pu_007,pu_003,0.080297033
2006,pu_008,pu_003,0.10498532
2006,pu_009,pu_003,-0.038909718
2006,pu_010,pu_003,0.012304187
2006,pu_011,pu_003,0.035904187
2006,pu_012,pu_003,0.034777573
2006,pu_013,pu_003,0.044469725
2006,pu_014,pu_003,0.030632483
2006,pu_015,pu_003,0.005632483
2006,pu_016,pu_003,-0.001110107
2006,pu_001,pu_004,0.045793537
2006,pu_002,pu_004,0.067503677
2006,pu_003,pu_004,0.16008024
2006,pu_004,pu_004,0.113515751
2006,pu_005,pu_004,0.010473809
2006,pu_006,pu_004,0.061264447
2006,pu_007,pu_004,0.070597033
2006,pu_008,pu_004,0.14548532
2006,pu_009,pu_004,0.0042
2006,pu_010,pu_004,-0.0123
2006,pu_011,pu_004,-0.019695813
2006,pu_012,pu_004,-0.002022427
2006,pu_013,pu_004,-0.0534
2006,pu_014,pu_004,-0.0602
2006,pu_015,pu_004,0.032232483
2006,pu_016,pu_004,-0.015110107
2006,pu_001,pu_005,0.148215751
2006,pu_002,pu_005,0.10748024
2006,pu_003,pu_005,0.092985235
2006,pu_004,pu_005,0.062002381
2006,pu_005,pu_005,0.20488532
2006,pu_006,pu_005,0.182997033
2006,pu_007,pu_005,0.006764399
2006,pu_008,pu_005,0.053973658
2006,pu_009,pu_005,0.050700224
2006,pu_010,pu_005,0.102190697
2006,pu_011,pu_005,-0.024078122
2006,pu_012,pu_005,-0.054667754
2006,pu_013,pu_005,0.006594131
2006,pu_014,pu_005,-0.00145933
2006,pu_015,pu_005,-0.012803292
2006,pu_016,pu_005,0.044013558
2006,pu_001,pu_006,0.189015751
2006,pu_002,pu_006,0.07978024
2006,pu_003,pu_006,0.14638024
2006,pu_004,pu_006,0.085067832
2006,pu_005,pu_006,0.12948532
2006,pu_006,pu_006,0.069697033
2006,pu_007,pu_006,0.085097033
2006,pu_008,pu_006,0.123516312
2006,pu_009,pu_006,0.131800224
2006,pu_010,pu_006,0.129690697
2006,pu_011,pu_006,0.103290697
2006,pu_012,pu_006,-0.022083114
2006,pu_013,pu_006,-0.006005869
2006,pu_014,pu_006,0.04324067
2006,pu_015,pu_006,-0.03345933
2006,pu_016,pu_006,0.024468061
2006,pu_001,pu_007,0.069467832
2006,pu_002,pu_007,0.09208024
2006,pu_003,pu_007,0.22148024
2006,pu_004,pu_007,0.166215751
2006,pu_005,pu_007,0.078616312
2006,pu_006,pu_007,0.181597033
2006,pu_007,pu_007,0.059597033
2006,pu_008,pu_007,0.15108532
2006,pu_009,pu_007,0.003716886
2006,pu_010,pu_007,0.132190697
2006,pu_011,pu_007,0.143390697
2006,pu_012,pu_007,0.129300224
2006,pu_013,pu_007,0.085368061
2006,pu_014,pu_007,0.03274067
2006,pu_015,pu_007,0.07024067
2006,pu_016,pu_007,0.056194131
2006,pu_001,pu_008,0.043702381
2006,pu_002,pu_008,0.003485235
2006,pu_003,pu_008,0.09428024
2006,pu_004,pu_008,0.152415751
2006,pu_005,pu_008,0.076873658
2006,pu_006,pu_008,0.014564399
2006,pu_007,pu_008,0.048597033
2006,pu_008,pu_008,0.14278532
2006,pu_009,pu_008,0.041232246
2006,pu_010,pu_008,0.086721878
2006,pu_011,pu_008,0.084790697
2006,pu_012,pu_008,0.156900224
2006,pu_013,pu_008,0.007213558
2006,pu_014,pu_008,-0.007303292
2006,pu_015,pu_008,0.02634067
2006,pu_016,pu_008,-0.002805869
2006,pu_001,pu_009,0.006529614
2006,pu_002,pu_009,0.063395112
2006,pu_003,pu_009,-0.004551644
2006,pu_004,pu_009,0.053638698
2006,pu_005,pu_009,0.18568532
2006,pu_006,pu_009,0.057397033
2006,pu_007,pu_009,0.067669044
2006,pu_008,pu_009,-0.042478085
2006,pu_009,pu_009,0.182900224
2006,pu_010,pu_009,0.120590697
2006,pu_011,pu_009,-0.00097817
2006,pu_012,pu_009,-0.012167902
2006,pu_013,pu_009,0.219567238
2006,pu_014,pu_009,0.081626156
2006,pu_015,pu_009,0.122513473
2006,pu_016,pu_009,0.040602256
2006,pu_001,pu_010,0.116229614
2006,pu_002,pu_010,0.083195112
2006,pu_003,pu_010,0.050995112
2006,pu_004,pu_010,0.060652163
2006,pu_005,pu_010,0.08288532
2006,pu_006,pu_010,0.086297033
2006,pu_007,pu_010,0.146297033
2006,pu_008,pu_010,-0.006729244
2006,pu_009,pu_010,0.187300224
2006,pu_010,pu_010,0.108690697
2006,pu_011,pu_010,0.083990697
2006,pu_012,pu_010,0.036916825
2006,pu_013,pu_010,0.154867238
2006,pu_014,pu_010,0.167626156
2006,pu_015,pu_010,0.164126156
2006,pu_016,pu_010,0.038203747
2006,pu_001,pu_011,0.023652163
2006,pu_002,pu_011,0.013395112
2006,pu_003,pu_011,0.095195112
2006,pu_004,pu_011,0.065229614
2006,pu_005,pu_011,0.037170756
2006,pu_006,pu_011,0.100297033
2006,pu_007,pu_011,0.058697033
2006,pu_008,pu_011,0.10038532
2006,pu_009,pu_011,0.089816825
2006,pu_010,pu_011,0.068590697
2006,pu_011,pu_011,0.084090697
2006,pu_012,pu_011,0.076400224
2006,pu_013,pu_011,0.136103747
2006,pu_014,pu_011,0.070226156
2006,pu_015,pu_011,0.204726156
2006,pu_016,pu_011,0.142967238
2006,pu_001,pu_012,-0.044561302
2006,pu_002,pu_012,0.024448356
2006,pu_003,pu_012,0.053795112
2006,pu_004,pu_012,0.034229614
2006,pu_005,pu_012,-0.040678085
2006,pu_006,pu_012,0.072669044
2006,pu_007,pu_012,0.067497033
2006,pu_008,pu_012,0.10048532
2006,pu_009,pu_012,0.017232098
2006,pu_010,pu_012,0.01472183
2006,pu_011,pu_012,0.067490697
2006,pu_012,pu_012,0.133100224
2006,pu_013,pu_012,0.103902256
2006,pu_014,pu_012,0.024813473
2006,pu_015,pu_012,0.147426156
2006,pu_016,pu_012,0.255867238
2006,pu_001,pu_013,0.084074139
2006,pu_002,pu_013,-0.033668015
2006,pu_003,pu_013,-0.0446
2006,pu_004,pu_013,0.0423
2006,pu_005,pu_013,0.041690326
2006,pu_006,pu_013,-0.049357064
2006,pu_007,pu_013,-0.0501
2006,pu_008,pu_013,-0.0476
2006,pu_009,pu_013,0.117700224
2006,pu_010,pu_013,0.032290697
2006,pu_011,pu_013,0.017727457
2006,pu_012,pu_013,0.026884004
2006,pu_013,pu_013,0.163467238
2006,pu_014,pu_013,0.064826156
2006,pu_015,pu_013,0.072713419
2006,pu_016,pu_013,0.05100197
2006,pu_001,pu_014,0.037974139
2006,pu_002,pu_014,-0.014068015
2006,pu_003,pu_014,-0.011768015
2006,pu_004,pu_014,-0.024438663
2006,pu_005,pu_014,0.029490326
2006,pu_006,pu_014,0.019942936
2006,pu_007,pu_014,0.023942936
2006,pu_008,pu_014,0.027934605
2006,pu_009,pu_014,0.095100224
2006,pu_010,pu_014,0.047490697
2006,pu_011,pu_014,0.113690697
2006,pu_012,pu_014,-0.006928834
2006,pu_013,pu_014,0.161367238
2006,pu_014,pu_014,0.138426156
2006,pu_015,pu_014,0.183326156
2006,pu_016,pu_014,0.101703686
2006,pu_001,pu_015,-0.053038663
2006,pu_002,pu_015,0.052331985
2006,pu_003,pu_015,0.042331985
2006,pu_004,pu_015,0.024374139
2006,pu_005,pu_015,-0.013265395
2006,pu_006,pu_015,0.073542936
2006,pu_007,pu_015,0.002542936
2006,pu_008,pu_015,0.065490326
2006,pu_009,pu_015,0.057471166
2006,pu_010,pu_015,0.016290697
2006,pu_011,pu_015,0.143490697
2006,pu_012,pu_015,0.108800224
2006,pu_013,pu_015,0.051503686
2006,pu_014,pu_015,0.106526156
2006,pu_015,pu_015,0.100026156
2006,pu_016,pu_015,0.170267238
2006,pu_001,pu_016,0.0018
2006,pu_002,pu_016,0.0012
2006,pu_003,pu_016,-0.066568015
2006,pu_004,pu_016,-0.024525861
2006,pu_005,pu_016,0.0002
2006,pu_006,pu_016,-0.0944
2006,pu_007,pu_016,0.007742936
2006,pu_008,pu_016,0.039790326
2006,pu_009,pu_016,0.009284004
2006,pu_010,pu_016,0.079027457
2006,pu_011,pu_016,0.099490697
2006,pu_012,pu_016,0.106400224
2006,pu_013,pu_016,0.02760197
2006,pu_014,pu_016,0.091613419
2006,pu_015,pu_016,0.097526156
2006,pu_016,pu_016,0.143667238
2007,pu_001,pu_001,0.195567238
2007,pu_002,pu_001,0.249422888
2007,pu_003,pu_001,0.111826156
2007,pu_004,pu_001,0.082275748
2007,pu_005,pu_001,0.132513419
2007,pu_006,pu_001,0.08088277
2007,pu_007,pu_001,0.05420197
2007,pu_008,pu_001,-0.00339803
2007,pu_009,pu_001,0.146767238
2007,pu_010,pu_001,0.156710133
2007,pu_011,pu_001,0.114342175
2007,pu_012,pu_001,0.041113419
2007,pu_013,pu_001,0.070906338
2007,pu_014,pu_001,0.01620197
2007,pu_015,pu_001,0.01780197
2007,pu_016,pu_001,-0.0139
2007,pu_001,pu_002,0.227615751
2007,pu_002,pu_002,0.10848024
2007,pu_003,pu_002,0.12248024
2007,pu_004,pu_002,0.096413541
2007,pu_005,pu_002,0.23208532
2007,pu_006,pu_002,0.146197033
2007,pu_007,pu_002,0.124797033
2007,pu_008,pu_002,0.087316372
2007,pu_009,pu_002,0.057577573
2007,pu_010,pu_002,0.037604187
2007,pu_011,pu_002,0.074004187
2007,pu_012,pu_002,0.054090282
2007,pu_013,pu_002,0.071789893
2007,pu_014,pu_002,0.054332483
2007,pu_015,pu_002,0.011032483
2007,pu_016,pu_002,-0.018630275
2007,pu_001,pu_003,0.077713541
2007,pu_002,pu_003,0.11238024
2007,pu_003,pu_003,0.19608024
2007,pu_004,pu_003,0.155415751
2007,pu_005,pu_003,0.033116372
2007,pu_006,pu_003,0.163697033
2007,pu_007,pu_003,0.114197033
2007,pu_008,pu_003,0.15498532
2007,pu_009,pu_003,-0.044009718
2007,pu_010,pu_003,0.027204187
2007,pu_011,pu_003,0.084104187
2007,pu_012,pu_003,0.049577573
2007,pu_013,pu_003,0.015269725
2007,pu_014,pu_003,0.017432483
2007,pu_015,pu_003,0.014032483
2007,pu_016,pu_003,-0.019310107
2007,pu_001,pu_004,0.066493537
2007,pu_002,pu_004,0.113103677
2007,pu_003,pu_004,0.21658024
2007,pu_004,pu_004,0.166615751
2007,pu_005,pu_004,0.038673809
2007,pu_006,pu_004,0.098064447
2007,pu_007,pu_004,0.071197033
2007,pu_008,pu_004,0.18668532
2007,pu_009,pu_004,-0.0079
2007,pu_010,pu_004,-0.0007
2007,pu_011,pu_004,0.001304187
2007,pu_012,pu_004,0.032777573
2007,pu_013,pu_004,-0.0477
2007,pu_014,pu_004,-0.043
2007,pu_015,pu_004,0.053932483
2007,pu_016,pu_004,-0.021410107
2007,pu_001,pu_005,0.172015751
2007,pu_002,pu_005,0.11308024
2007,pu_003,pu_005,0.090385235
2007,pu_004,pu_005,0.080802381
2007,pu_005,pu_005,0.22608532
2007,pu_006,pu_005,0.208697033
2007,pu_007,pu_005,0.014964399
2007,pu_008,pu_005,0.074673658
2007,pu_009,pu_005,0.106700224
2007,pu_010,pu_005,0.146990697
2007,pu_011,pu_005,-0.008978122
2007,pu_012,pu_005,-0.043267754
2007,pu_013,pu_005,0.054294131
2007,pu_014,pu_005,0.02414067
2007,pu_015,pu_005,-0.020203292
2007,pu_016,pu_005,0.027313558
2007,pu_001,pu_006,0.225315751
2007,pu_002,pu_006,0.09158024
2007,pu_003,pu_006,0.17888024
2007,pu_004,pu_006,0.111967832
2007,pu_005,pu_006,0.14968532
2007,pu_006,pu_006,0.134297033
2007,pu_007,pu_006,0.124997033
2007,pu_008,pu_006,0.147416312
2007,pu_009,pu_006,0.178900224
2007,pu_010,pu_006,0.177190697
2007,pu_011,pu_006,0.147090697
2007,pu_012,pu_006,-0.013683114
2007,pu_013,pu_006,-0.005705869
2007,pu_014,pu_006,0.07114067
2007,pu_015,pu_006,0.00534067
2007,pu_016,pu_006,0.038468061
2007,pu_001,pu_007,0.105167832
2007,pu_002,pu_007,0.11838024
2007,pu_003,pu_007,0.26758024
2007,pu_004,pu_007,0.213115751
2007,pu_005,pu_007,0.112016312
2007,pu_006,pu_007,0.236997033
2007,pu_007,pu_007,0.123697033
2007,pu_008,pu_007,0.20398532
2007,pu_009,pu_007,0.028516886
2007,pu_010,pu_007,0.177290697
2007,pu_011,pu_007,0.160690697
2007,pu_012,pu_007,0.147400224
2007,pu_013,pu_007,0.098768061
2007,pu_014,pu_007,0.07254067
2007,pu_015,pu_007,0.07864067
2007,pu_016,pu_007,0.082894131
2007,pu_001,pu_008,0.034702381
2007,pu_002,pu_008,0.025585235
2007,pu_003,pu_008,0.10988024
2007,pu_004,pu_008,0.183115751
2007,pu_005,pu_008,0.091473658
2007,pu_006,pu_008,0.063464399
2007,pu_007,pu_008,0.098797033
2007,pu_008,pu_008,0.18588532
2007,pu_009,pu_008,0.023732246
2007,pu_010,pu_008,0.103421878
2007,pu_011,pu_008,0.090090697
2007,pu_012,pu_008,0.208600224
2007,pu_013,pu_008,0.002113558
2007,pu_014,pu_008,0.021396708
2007,pu_015,pu_008,0.04984067
2007,pu_016,pu_008,0.033994131
2007,pu_001,pu_009,0.036529614
2007,pu_002,pu_009,0.103195112
2007,pu_003,pu_009,-0.007851644
2007,pu_004,pu_009,0.025138698
2007,pu_005,pu_009,0.24058532
2007,pu_006,pu_009,0.091897033
2007,pu_007,pu_009,0.081869044
2007,pu_008,pu_009,-0.015178085
2007,pu_009,pu_009,0.206600224
2007,pu_010,pu_009,0.173090697
2007,pu_011,pu_009,0.01892183
2007,pu_012,pu_009,-0.019067902
2007,pu_013,pu_009,0.230967238
2007,pu_014,pu_009,0.090726156
2007,pu_015,pu_009,0.136913473
2007,pu_016,pu_009,0.034002256
2007,pu_001,pu_010,0.130629614
2007,pu_002,pu_010,0.132495112
2007,pu_003,pu_010,0.049595112
2007,pu_004,pu_010,0.074152163
2007,pu_005,pu_010,0.12858532
2007,pu_006,pu_010,0.108097033
2007,pu_007,pu_010,0.159297033
2007,pu_008,pu_010,0.032970756
2007,pu_009,pu_010,0.207800224
2007,pu_010,pu_010,0.145890697
2007,pu_011,pu_010,0.122790697
2007,pu_012,pu_010,0.069116825
2007,pu_013,pu_010,0.170167238
2007,pu_014,pu_010,0.197326156
2007,pu_015,pu_010,0.213126156
2007,pu_016,pu_010,0.045303747
2007,pu_001,pu_011,0.033252163
2007,pu_002,pu_011,0.043195112
2007,pu_003,pu_011,0.117995112
2007,pu_004,pu_011,0.103429614
2007,pu_005,pu_011,0.050470756
2007,pu_006,pu_011,0.121297033
2007,pu_007,pu_011,0.102397033
2007,pu_008,pu_011,0.14878532
2007,pu_009,pu_011,0.111616825
2007,pu_010,pu_011,0.104190697
2007,pu_011,pu_011,0.151390697
2007,pu_012,pu_011,0.112300224
2007,pu_013,pu_011,0.145103747
2007,pu_014,pu_011,0.117826156
2007,pu_015,pu_011,0.215526156
2007,pu_016,pu_011,0.159467238
2007,pu_001,pu_012,-0.058861302
2007,pu_002,pu_012,0.023848356
2007,pu_003,pu_012,0.059395112
2007,pu_004,pu_012,0.052129614
2007,pu_005,pu_012,-0.024378085
2007,pu_006,pu_012,0.084569044
2007,pu_007,pu_012,0.082197033
2007,pu_008,pu_012,0.13998532
2007,pu_009,pu_012,0.040732098
2007,pu_010,pu_012,0.01602183
2007,pu_011,pu_012,0.108490697
2007,pu_012,pu_012,0.168100224
2007,pu_013,pu_012,0.098302256
2007,pu_014,pu_012,0.017613473
2007,pu_015,pu_012,0.164826156
2007,pu_016,pu_012,0.312567238
2007,pu_001,pu_013,0.085774139
2007,pu_002,pu_013,-0.026468015
2007,pu_003,pu_013,-0.0374
2007,pu_004,pu_013,0.0303
2007,pu_005,pu_013,0.076190326
2007,pu_006,pu_013,-0.009857064
2007,pu_007,pu_013,-0.0537
2007,pu_008,pu_013,-0.0462
2007,pu_009,pu_013,0.161200224
2007,pu_010,pu_013,0.051990697
2007,pu_011,pu_013,0.009427457
2007,pu_012,pu_013,0.007484004
2007,pu_013,pu_013,0.196467238
2007,pu_014,pu_013,0.111926156
2007,pu_015,pu_013,0.102613419
2007,pu_016,pu_013,0.04160197
2007,pu_001,pu_014,0.037174139
2007,pu_002,pu_014,0.020631985
2007,pu_003,pu_014,-0.023368015
2007,pu_004,pu_014,-0.022938663
2007,pu_005,pu_014,0.059090326
2007,pu_006,pu_014,0.021842936
2007,pu_007,pu_014,0.037342936
2007,pu_008,pu_014,0.026934605
2007,pu_009,pu_014,0.119500224
2007,pu_010,pu_014,0.067490697
2007,pu_011,pu_014,0.115190697
2007,pu_012,pu_014,-0.001628834
2007,pu_013,pu_014,0.201367238
2007,pu_014,pu_014,0.190126156
2007,pu_015,pu_014,0.203526156
2007,pu_016,pu_014,0.109903686
2007,pu_001,pu_015,-0.042138663
2007,pu_002,pu_015,0.050431985
2007,pu_003,pu_015,0.056231985
2007,pu_004,pu_015,0.025674139
2007,pu_005,pu_015,-0.020365395
2007,pu_006,pu_015,0.097342936
2007,pu_007,pu_015,0.032742936
2007,pu_008,pu_015,0.080990326
2007,pu_009,pu_015,0.051871166
2007,pu_010,pu_015,0.045090697
2007,pu_011,pu_015,0.162890697
2007,pu_012,pu_015,0.136800224
2007,pu_013,pu_015,0.073303686
2007,pu_014,pu_015,0.164726156
2007,pu_015,pu_015,0.124226156
2007,pu_016,pu_015,0.195467238
2007,pu_001,pu_016,-0.0229
2007,pu_002,pu_016,0.0101
2007,pu_003,pu_016,-0.053568015
2007,pu_004,pu_016,-0.007325861
2007,pu_005,pu_016,-0.0125
2007,pu_006,pu_016,-0.0698
2007,pu_007,pu_016,0.007342936
2007,pu_008,pu_016,0.046490326
2007,pu_009,pu_016,0.034284004
2007,pu_010,pu_016,0.075227457
2007,pu_011,pu_016,0.124790697
2007,pu_012,pu_016,0.132700224
2007,pu_013,pu_016,0.03720197
2007,pu_014,pu_016,0.132013419
2007,pu_015,pu_016,0.122726156
2007,pu_016,pu_016,0.185967238
2008,pu_001,pu_001,0.129967238
2008,pu_002,pu_001,0.189422888
2008,pu_003,pu_001,0.089726156
2008,pu_004,pu_001,0.054475748
2008,pu_005,pu_001,0.099613419
2008,pu_006,pu_001,0.03928277
2008,pu_007,pu_001,0.05170197
2008,pu_008,pu_001,0.00960197
2008,pu_009,pu_001,0.114267238
2008,pu_010,pu_001,0.125810133
2008,pu_011,pu_001,0.099242175
2008,pu_012,pu_001,0.051513419
2008,pu_013,pu_001,0.054706338
2008,pu_014,pu_001,-0.00889803
2008,pu_015,pu_001,0.03210197
2008,pu_016,pu_001,0.0119
2008,pu_001,pu_002,0.183215751
2008,pu_002,pu_002,0.07618024
2008,pu_003,pu_002,0.08198024
2008,pu_004,pu_002,0.074113541
2008,pu_005,pu_002,0.22868532
2008,pu_006,pu_002,0.112297033
2008,pu_007,pu_002,0.117297033
2008,pu_008,pu_002,0.070316372
2008,pu_009,pu_002,0.041677573
2008,pu_010,pu_002,-0.005795813
2008,pu_011,pu_002,0.049904187
2008,pu_012,pu_002,0.037890282
2008,pu_013,pu_002,0.064989893
2008,pu_014,pu_002,0.032032483
2008,pu_015,pu_002,0.011932483
2008,pu_016,pu_002,-0.001830275
2008,pu_001,pu_003,0.065013541
2008,pu_002,pu_003,0.05518024
2008,pu_003,pu_003,0.15458024
2008,pu_004,pu_003,0.119715751
2008,pu_005,pu_003,-0.001783628
2008,pu_006,pu_003,0.148597033
2008,pu_007,pu_003,0.077897033
2008,pu_008,pu_003,0.12188532
2008,pu_009,pu_003,-0.069209718
2008,pu_010,pu_003,0.002904187
2008,pu_011,pu_003,0.051904187
2008,pu_012,pu_003,0.019677573
2008,pu_013,pu_003,0.005369725
2008,pu_014,pu_003,0.003032483
2008,pu_015,pu_003,-0.015067517
2008,pu_016,pu_003,-0.040510107
2008,pu_001,pu_004,0.045493537
2008,pu_002,pu_004,0.074003677
2008,pu_003,pu_004,0.17058024
2008,pu_004,pu_004,0.119415751
2008,pu_005,pu_004,0.033973809
2008,pu_006,pu_004,0.096264447
2008,pu_007,pu_004,0.068097033
2008,pu_008,pu_004,0.12768532
2008,pu_009,pu_004,-0.011
2008,pu_010,pu_004,0.0084
2008,pu_011,pu_004,-0.035195813
2008,pu_012,pu_004,0.019677573
2008,pu_013,pu_004,-0.0268
2008,pu_014,pu_004,-0.0247
2008,pu_015,pu_004,0.054232483
2008,pu_016,pu_004,-0.024410107
2008,pu_001,pu_005,0.155915751
2008,pu_002,pu_005,0.11278024
2008,pu_003,pu_005,0.073485235
2008,pu_004,pu_005,0.071102381
2008,pu_005,pu_005,0.17348532
2008,pu_006,pu_005,0.154497033
2008,pu_007,pu_005,-0.019535601
2008,pu_008,pu_005,0.037373658
2008,pu_009,pu_005,0.091600224
2008,pu_010,pu_005,0.117090697
2008,pu_011,pu_005,-0.019878122
2008,pu_012,pu_005,-0.049467754
2008,pu_013,pu_005,0.044494131
2008,pu_014,pu_005,0.01914067
2008,pu_015,pu_005,-0.002603292
2008,pu_016,pu_005,0.048313558
2008,pu_001,pu_006,0.205615751
2008,pu_002,pu_006,0.07658024
2008,pu_003,pu_006,0.16438024
2008,pu_004,pu_006,0.121367832
2008,pu_005,pu_006,0.10548532
2008,pu_006,pu_006,0.075997033
2008,pu_007,pu_006,0.071297033
2008,pu_008,pu_006,0.119716312
2008,pu_009,pu_006,0.147900224
2008,pu_010,pu_006,0.144690697
2008,pu_011,pu_006,0.143790697
2008,pu_012,pu_006,-0.004983114
2008,pu_013,pu_006,-0.015105869
2008,pu_014,pu_006,0.05374067
2008,pu_015,pu_006,-0.02705933
2008,pu_016,pu_006,0.012468061
2008,pu_001,pu_007,0.084267832
2008,pu_002,pu_007,0.09688024
2008,pu_003,pu_007,0.22398024
2008,pu_004,pu_007,0.188415751
2008,pu_005,pu_007,0.081116312
2008,pu_006,pu_007,0.226997033
2008,pu_007,pu_007,0.102297033
2008,pu_008,pu_007,0.14798532
2008,pu_009,pu_007,0.019216886
2008,pu_010,pu_007,0.130090697
2008,pu_011,pu_007,0.108790697
2008,pu_012,pu_007,0.103200224
2008,pu_013,pu_007,0.100868061
2008,pu_014,pu_007,0.05094067
2008,pu_015,pu_007,0.03794067
2008,pu_016,pu_007,0.092494131
2008,pu_001,pu_008,0.006002381
2008,pu_002,pu_008,0.021585235
2008,pu_003,pu_008,0.08208024
2008,pu_004,pu_008,0.159115751
2008,pu_005,pu_008,0.065173658
2008,pu_006,pu_008,0.033964399
2008,pu_007,pu_008,0.052197033
2008,pu_008,pu_008,0.16438532
2008,pu_009,pu_008,0.018132246
2008,pu_010,pu_008,0.081621878
2008,pu_011,pu_008,0.075390697
2008,pu_012,pu_008,0.179400224
2008,pu_013,pu_008,-0.015686442
2008,pu_014,pu_008,0.038796708
2008,pu_015,pu_008,0.04424067
2008,pu_016,pu_008,0.019994131
2008,pu_001,pu_009,-0.001170386
2008,pu_002,pu_009,0.110495112
2008,pu_003,pu_009,-0.030751644
2008,pu_004,pu_009,0.025738698
2008,pu_005,pu_009,0.19778532
2008,pu_006,pu_009,0.081597033
2008,pu_007,pu_009,0.070869044
2008,pu_008,pu_009,-0.001678085
2008,pu_009,pu_009,0.158000224
2008,pu_010,pu_009,0.114490697
2008,pu_011,pu_009,-0.02627817
2008,pu_012,pu_009,-0.013267902
2008,pu_013,pu_009,0.198267238
2008,pu_014,pu_009,0.087226156
2008,pu_015,pu_009,0.144413473
2008,pu_016,pu_009,0.020602256
2008,pu_001,pu_010,0.124729614
2008,pu_002,pu_010,0.127495112
2008,pu_003,pu_010,0.053295112
2008,pu_004,pu_010,0.073252163
2008,pu_005,pu_010,0.07908532
2008,pu_006,pu_010,0.070497033
2008,pu_007,pu_010,0.143897033
2008,pu_008,pu_010,-0.002829244
2008,pu_009,pu_010,0.148100224
2008,pu_010,pu_010,0.116390697
2008,pu_011,pu_010,0.074390697
2008,pu_012,pu_010,0.021116825
2008,pu_013,pu_010,0.140867238
2008,pu_014,pu_010,0.145626156
2008,pu_015,pu_010,0.195126156
2008,pu_016,pu_010,0.019003747
2008,pu_001,pu_011,0.038852163
2008,pu_002,pu_011,0.043495112
2008,pu_003,pu_011,0.073095112
2008,pu_004,pu_011,0.093729614
2008,pu_005,pu_011,0.059770756
2008,pu_006,pu_011,0.084297033
2008,pu_007,pu_011,0.044297033
2008,pu_008,pu_011,0.12668532
2008,pu_009,pu_011,0.100416825
2008,pu_010,pu_011,0.049990697
2008,pu_011,pu_011,0.105890697
2008,pu_012,pu_011,0.083400224
2008,pu_013,pu_011,0.138403747
2008,pu_014,pu_011,0.113326156
2008,pu_015,pu_011,0.195826156
2008,pu_016,pu_011,0.142567238
2008,pu_001,pu_012,-0.046561302
2008,pu_002,pu_012,0.034448356
2008,pu_003,pu_012,0.026695112
2008,pu_004,pu_012,0.036329614
2008,pu_005,pu_012,-0.017978085
2008,pu_006,pu_012,0.091269044
2008,pu_007,pu_012,0.061897033
2008,pu_008,pu_012,0.09618532
2008,pu_009,pu_012,0.033732098
2008,pu_010,pu_012,-0.00207817
2008,pu_011,pu_012,0.076190697
2008,pu_012,pu_012,0.101400224
2008,pu_013,pu_012,0.076402256
2008,pu_014,pu_012,-0.015886527
2008,pu_015,pu_012,0.153726156
2008,pu_016,pu_012,0.260367238
2008,pu_001,pu_013,0.060574139
2008,pu_002,pu_013,-0.050868015
2008,pu_003,pu_013,-0.0457
2008,pu_004,pu_013,0.0611
2008,pu_005,pu_013,0.062790326
2008,pu_006,pu_013,-0.004157064
2008,pu_007,pu_013,-0.0627
2008,pu_008,pu_013,-0.0371
2008,pu_009,pu_013,0.114700224
2008,pu_010,pu_013,0.044390697
2008,pu_011,pu_013,-0.011872543
2008,pu_012,pu_013,0.010284004
2008,pu_013,pu_013,0.154867238
2008,pu_014,pu_013,0.054626156
2008,pu_015,pu_013,0.075413419
2008,pu_016,pu_013,0.03350197
2008,pu_001,pu_014,0.038274139
2008,pu_002,pu_014,0.020231985
2008,pu_003,pu_014,-0.052568015
2008,pu_004,pu_014,-0.028038663
2008,pu_005,pu_014,0.051490326
2008,pu_006,pu_014,-0.019357064
2008,pu_007,pu_014,0.020542936
2008,pu_008,pu_014,0.040434605
2008,pu_009,pu_014,0.073900224
2008,pu_010,pu_014,0.013990697
2008,pu_011,pu_014,0.101590697
2008,pu_012,pu_014,-0.027328834
2008,pu_013,pu_014,0.177867238
2008,pu_014,pu_014,0.122626156
2008,pu_015,pu_014,0.193226156
2008,pu_016,pu_014,0.067503686
2008,pu_001,pu_015,-0.035238663
2008,pu_002,pu_015,0.046931985
2008,pu_003,pu_015,0.030631985
2008,pu_004,pu_015,0.030174139
2008,pu_005,pu_015,-0.037665395
2008,pu_006,pu_015,0.075042936
2008,pu_007,pu_015,0.027942936
2008,pu_008,pu_015,0.089590326
2008,pu_009,pu_015,0.023971166
2008,pu_010,pu_015,0.029190697
2008,pu_011,pu_015,0.134390697
2008,pu_012,pu_015,0.087700224
2008,pu_013,pu_015,0.073003686
2008,pu_014,pu_015,0.142026156
2008,pu_015,pu_015,0.092226156
2008,pu_016,pu_015,0.164967238
2008,pu_001,pu_016,-0.0025
2008,pu_002,pu_016,-0.0025
2008,pu_003,pu_016,-0.056768015
2008,pu_004,pu_016,-0.036825861
2008,pu_005,pu_016,-0.0115
2008,pu_006,pu_016,-0.0784
2008,pu_007,pu_016,-0.013857064
2008,pu_008,pu_016,0.044990326
2008,pu_009,pu_016,0.051084004
2008,pu_010,pu_016,0.080927457
2008,pu_011,pu_016,0.098090697
2008,pu_012,pu_016,0.110500224
2008,pu_013,pu_016,0.01970197
2008,pu_014,pu_016,0.116613419
2008,pu_015,pu_016,0.103926156
2008,pu_016,pu_016,0.131867238
2009,pu_001,pu_001,0.182267238
2009,pu_002,pu_001,0.205722888
2009,pu_003,pu_001,0.108026156
2009,pu_004,pu_001,0.077075748
2009,pu_005,pu_001,0.113013419
2009,pu_006,pu_001,0.06428277
2009,pu_007,pu_001,0.04790197
2009,pu_008,pu_001,0.01170197
2009,pu_009,pu_001,0.114967238
2009,pu_010,pu_001,0.130210133
2009,pu_011,pu_001,0.081842175
2009,pu_012,pu_001,0.056513419
2009,pu_013,pu_001,0.069406338
2009,pu_014,pu_001,-0.00279803
2009,pu_015,pu_001,0.04690197
2009,pu_016,pu_001,0.0203
2009,pu_001,pu_002,0.229215751
2009,pu_002,pu_002,0.14038024
2009,pu_003,pu_002,0.11988024
2009,pu_004,pu_002,0.109613541
2009,pu_005,pu_002,0.26048532
2009,pu_006,pu_002,0.165297033
2009,pu_007,pu_002,0.153397033
2009,pu_008,pu_002,0.069816372
2009,pu_009,pu_002,0.062277573
2009,pu_010,pu_002,0.021204187
2009,pu_011,pu_002,0.042904187
2009,pu_012,pu_002,0.029990282
2009,pu_013,pu_002,0.087589893
2009,pu_014,pu_002,0.023632483
2009,pu_015,pu_002,0.001532483
2009,pu_016,pu_002,-0.009430275
2009,pu_001,pu_003,0.089113541
2009,pu_002,pu_003,0.11228024
2009,pu_003,pu_003,0.18248024
2009,pu_004,pu_003,0.175715751
2009,pu_005,pu_003,0.020716372
2009,pu_006,pu_003,0.163397033
2009,pu_007,pu_003,0.104697033
2009,pu_008,pu_003,0.17128532
2009,pu_009,pu_003,-0.087409718
2009,pu_010,pu_003,0.006604187
2009,pu_011,pu_003,0.095304187
2009,pu_012,pu_003,0.045577573
2009,pu_013,pu_003,-0.009530275
2009,pu_014,pu_003,0.010832483
2009,pu_015,pu_003,0.017132483
2009,pu_016,pu_003,-0.024910107
2009,pu_001,pu_004,0.048993537
2009,pu_002,pu_004,0.081003677
2009,pu_003,pu_004,0.21588024
2009,pu_004,pu_004,0.173115751
2009,pu_005,pu_004,0.031773809
2009,pu_006,pu_004,0.122564447
2009,pu_007,pu_004,0.093997033
2009,pu_008,pu_004,0.16828532
2009,pu_009,pu_004,-0.0039
2009,pu_010,pu_004,0.0197
2009,pu_011,pu_004,-0.012995813
2009,pu_012,pu_004,0.049377573
2009,pu_013,pu_004,-0.025
2009,pu_014,pu_004,-0.0498
2009,pu_015,pu_004,0.049832483
2009,pu_016,pu_004,-0.021210107
2009,pu_001,pu_005,0.194215751
2009,pu_002,pu_005,0.13728024
2009,pu_003,pu_005,0.107385235
2009,pu_004,pu_005,0.083902381
2009,pu_005,pu_005,0.21228532
2009,pu_006,pu_005,0.180997033
2009,pu_007,pu_005,-0.017635601
2009,pu_008,pu_005,0.056973658
2009,pu_009,pu_005,0.135800224
2009,pu_010,pu_005,0.143890697
2009,pu_011,pu_005,-0.024278122
2009,pu_012,pu_005,-0.051467754
2009,pu_013,pu_005,0.073294131
2009,pu_014,pu_005,0.03004067
2009,pu_015,pu_005,-0.012403292
2009,pu_016,pu_005,0.057013558
2009,pu_001,pu_006,0.238415751
2009,pu_002,pu_006,0.10838024
2009,pu_003,pu_006,0.20048024
2009,pu_004,pu_006,0.117267832
2009,pu_005,pu_006,0.13288532
2009,pu_006,pu_006,0.113397033
2009,pu_007,pu_006,0.120597033
2009,pu_008,pu_006,0.145116312
2009,pu_009,pu_006,0.169200224
2009,pu_010,pu_006,0.170190697
2009,pu_011,pu_006,0.178290697
2009,pu_012,pu_006,0.010116886
2009,pu_013,pu_006,-0.009105869
2009,pu_014,pu_006,0.05434067
2009,pu_015,pu_006,-0.01705933
2009,pu_016,pu_006,0.038868061
2009,pu_001,pu_007,0.097567832
2009,pu_002,pu_007,0.11568024
2009,pu_003,pu_007,0.24698024
2009,pu_004,pu_007,0.221015751
2009,pu_005,pu_007,0.102816312
2009,pu_006,pu_007,0.275897033
2009,pu_007,pu_007,0.130997033
2009,pu_008,pu_007,0.17678532
2009,pu_009,pu_007,0.055016886
2009,pu_010,pu_007,0.151890697
2009,pu_011,pu_007,0.134290697
2009,pu_012,pu_007,0.119900224
2009,pu_013,pu_007,0.126268061
2009,pu_014,pu_007,0.05594067
2009,pu_015,pu_007,0.04544067
2009,pu_016,pu_007,0.109894131
2009,pu_001,pu_008,-0.000697619
2009,pu_002,pu_008,0.021885235
2009,pu_003,pu_008,0.10448024
2009,pu_004,pu_008,0.183615751
2009,pu_005,pu_008,0.066373658
2009,pu_006,pu_008,0.074364399
2009,pu_007,pu_008,0.063297033
2009,pu_008,pu_008,0.19108532
2009,pu_009,pu_008,0.003232246
2009,pu_010,pu_008,0.110821878
2009,pu_011,pu_008,0.112990697
2009,pu_012,pu_008,0.208000224
2009,pu_013,pu_008,-0.034286442
2009,pu_014,pu_008,0.043096708
2009,pu_015,pu_008,0.07484067
2009,pu_016,pu_008,0.062894131
2009,pu_001,pu_009,0.000129614
2009,pu_002,pu_009,0.138295112
2009,pu_003,pu_009,-0.026151644
2009,pu_004,pu_009,0.005038698
2009,pu_005,pu_009,0.22408532
2009,pu_006,pu_009,0.088097033
2009,pu_007,pu_009,0.090069044
2009,pu_008,pu_009,0.017621915
2009,pu_009,pu_009,0.193400224
2009,pu_010,pu_009,0.162790697
2009,pu_011,pu_009,0.02192183
2009,pu_012,pu_009,0.003432098
2009,pu_013,pu_009,0.232667238
2009,pu_014,pu_009,0.091326156
2009,pu_015,pu_009,0.172713473
2009,pu_016,pu_009,0.018402256
2009,pu_001,pu_010,0.158829614
2009,pu_002,pu_010,0.157395112
2009,pu_003,pu_010,0.045095112
2009,pu_004,pu_010,0.088652163
2009,pu_005,pu_010,0.08528532
2009,pu_006,pu_010,0.096297033
2009,pu_007,pu_010,0.168697033
2009,pu_008,pu_010,0.019770756
2009,pu_009,pu_010,0.207600224
2009,pu_010,pu_010,0.159490697
2009,pu_011,pu_010,0.129790697
2009,pu_012,pu_010,0.069016825
2009,pu_013,pu_010,0.181667238
2009,pu_014,pu_010,0.166526156
2009,pu_015,pu_010,0.216826156
2009,pu_016,pu_010,0.057203747
2009,pu_001,pu_011,0.049852163
2009,pu_002,pu_011,0.065795112
2009,pu_003,pu_011,0.073095112
2009,pu_004,pu_011,0.112629614
2009,pu_005,pu_011,0.080070756
2009,pu_006,pu_011,0.113597033
2009,pu_007,pu_011,0.057297033
2009,pu_008,pu_011,0.16638532
2009,pu_009,pu_011,0.125216825
2009,pu_010,pu_011,0.076490697
2009,pu_011,pu_011,0.148490697
2009,pu_012,pu_011,0.094500224
2009,pu_013,pu_011,0.156103747
2009,pu_014,pu_011,0.160626156
2009,pu_015,pu_011,0.223326156
2009,pu_016,pu_011,0.155267238
2009,pu_001,pu_012,-0.060161302
2009,pu_002,pu_012,0.043148356
2009,pu_003,pu_012,0.065795112
2009,pu_004,pu_012,0.076129614
2009,pu_005,pu_012,-0.030878085
2009,pu_006,pu_012,0.123669044
2009,pu_007,pu_012,0.100797033
2009,pu_008,pu_012,0.12968532
2009,pu_009,pu_012,0.037232098
2009,pu_010,pu_012,0.04732183
2009,pu_011,pu_012,0.099590697
2009,pu_012,pu_012,0.122300224
2009,pu_013,pu_012,0.064302256
2009,pu_014,pu_012,-0.006986527
2009,pu_015,pu_012,0.191026156
2009,pu_016,pu_012,0.308067238
2009,pu_001,pu_013,0.067374139
2009,pu_002,pu_013,-0.022368015
2009,pu_003,pu_013,-0.0636
2009,pu_004,pu_013,0.0682
2009,pu_005,pu_013,0.080290326
2009,pu_006,pu_013,-0.005157064
2009,pu_007,pu_013,-0.0586
2009,pu_008,pu_013,-0.058
2009,pu_009,pu_013,0.139700224
2009,pu_010,pu_013,0.048690697
2009,pu_011,pu_013,-0.012872543
2009,pu_012,pu_013,0.038584004
2009,pu_013,pu_013,0.192267238
2009,pu_014,pu_013,0.090826156
2009,pu_015,pu_013,0.091113419
2009,pu_016,pu_013,0.06580197
2009,pu_001,pu_014,0.060774139
2009,pu_002,pu_014,0.042231985
2009,pu_003,pu_014,-0.050368015
2009,pu_004,pu_014,-0.020738663
2009,pu_005,pu_014,0.078590326
2009,pu_006,pu_014,0.015342936
2009,pu_007,pu_014,0.057042936
2009,pu_008,pu_014,0.065034605
2009,pu_009,pu_014,0.089800224
2009,pu_010,pu_014,0.072990697
2009,pu_011,pu_014,0.126390697
2009,pu_012,pu_014,-0.013728834
2009,pu_013,pu_014,0.218767238
2009,pu_014,pu_014,0.183626156
2009,pu_015,pu_014,0.251226156
2009,pu_016,pu_014,0.093603686
2009,pu_001,pu_015,-0.060438663
2009,pu_002,pu_015,0.073431985
2009,pu_003,pu_015,0.037031985
2009,pu_004,pu_015,0.049874139
2009,pu_005,pu_015,-0.048365395
2009,pu_006,pu_015,0.080842936
2009,pu_007,pu_015,0.065042936
2009,pu_008,pu_015,0.110690326
2009,pu_009,pu_015,0.052371166
2009,pu_010,pu_015,0.040990697
2009,pu_011,pu_015,0.185990697
2009,pu_012,pu_015,0.087700224
2009,pu_013,pu_015,0.099003686
2009,pu_014,pu_015,0.190626156
2009,pu_015,pu_015,0.161826156
2009,pu_016,pu_015,0.177267238
2009,pu_001,pu_016,-0.0049
2009,pu_002,pu_016,0.0051
2009,pu_003,pu_016,-0.070568015
2009,pu_004,pu_016,-0.009425861
2009,pu_005,pu_016,-0.0093
2009,pu_006,pu_016,-0.0947
2009,pu_007,pu_016,0.003342936
2009,pu_008,pu_016,0.050790326
2009,pu_009,pu_016,0.077984004
2009,pu_010,pu_016,0.108627457
2009,pu_011,pu_016,0.133790697
2009,pu_012,pu_016,0.141800224
2009,pu_013,pu_016,0.05260197
2009,pu_014,pu_016,0.163213419
2009,pu_015,pu_016,0.123526156
2009,pu_016,pu_016,0.200667238
