,pu_001,pu_002,pu_003,pu_004,pu_005,pu_006,pu_007,pu_008,pu_009,pu_010,pu_011,pu_012,pu_013,pu_014,pu_015,pu_016,pu_017,pu_018,pu_019,pu_020,pu_021,pu_022,pu_023,pu_024,pu_025,pu_026,pu_027,pu_028,pu_029,pu_030,pu_031,pu_032,pu_033,pu_034,pu_035,pu_036,pu_037,pu_038,pu_039,pu_040,pu_041,pu_042,pu_043,pu_044,pu_045,pu_046,pu_047,pu_048,pu_049,pu_050,pu_051,pu_052,pu_053,pu_054,pu_055,pu_056,pu_057,pu_058,pu_059,pu_060,pu_061,pu_062,pu_063,pu_064,pu_065,pu_066,pu_067,pu_068,pu_069,pu_070,pu_071,pu_072,pu_073,pu_074,pu_075,pu_076,pu_077,pu_078,pu_079,pu_080
pu_001,0.1544672375,0.1544672375,0.1544672375,0.1110653545,0.0774036857,0.0452100768,0.0267019699,0.0267019699,0.1544672375,0.1544672375,0.1515586562,0.0774036857,0.072976417,0.0267019699,0.0267019699,0,0.1544672375,0.1544672375,0.1544672375,0.1105632272,0.0774037228,0.0445921244,0.0267021442,0.0267021485,0.1544672375,0.1544672375,0.1515586585,0.0774037466,0.0729764975,0.0267022559,0.0267022559,0,0.1170948082,0.1170948082,0.1170948082,0.08634353930000001,0.0629005104,0.0362371362,0.0215528489,0.0217919138,0.0543941308,0.0543941308,0.0537968133,0.0385680614,0.0363279127,0.0129135575,0.0129135575,0,0.0475987342,0.0475987342,0.0475987342,0.0397095534,0.0336177883,0.0193030065,0.01112284,0.0117514191,0.0054529261,0.0054529261,0.0053578083,0.0029156425,0.0026650584000000002,1.66104e-05,1.93656e-05,0,0.0053898933,0.0053898933,0.0053898933,0.0039597238,0.0028697247,0.0010196469,0.0,0.0,0.0053898933,0.0053898933,0.0053898933,0.0028697247,0.0028676149,0.0,0.0,0
pu_002,0.1408228882,0.1408228882,0.1408228882,0.1186152622,0.1013914529,0.062869044,0.0407225097,0.0407225097,0.1408228882,0.1408228882,0.13933464210000002,0.1013914529,0.09609384700000001,0.0407225097,0.0407225097,0,0.1408228882,0.1408228882,0.1408228882,0.11835833650000001,0.1013914719,0.0621295356,0.040722615000000004,0.040722617600000004,0.1408228882,0.1408228882,0.1393346432,0.1013914841,0.0960938905,0.0407226824,0.0407226824,0,0.10508949420000001,0.10508949420000001,0.10508949420000001,0.0893548616,0.0773596673,0.0482041512,0.032066732300000005,0.032468590900000004,0.0451386681,0.0451386681,0.0448330361,0.037040875800000005,0.0353384476,0.017544424,0.017544424,0,0.039291026900000005,0.039291026900000005,0.039291026900000005,0.0352543363,0.0321373369,0.0213089771,0.0151115463,0.015965537000000002,0.0030233041,0.0030233041,0.0029746348,0.0017250414,0.0015783826000000001,2.2566900000000002e-05,2.63102e-05,0,0.0029690624000000003,0.0029690624000000003,0.0029690624000000003,0.0022372816,0.0016795571,0.0005967663,0.0,0.0,0.0029690624000000003,0.0029690624000000003,0.0029690624000000003,0.0016795571,0.0016783223,0.0,0.0,0
pu_003,0.1265261564,0.1265261564,0.1265261564,0.1265261564,0.1265261564,0.0813723462,0.055413419000000005,0.055413419000000005,0.1265261564,0.1265261564,0.1265261564,0.1265261564,0.1203165994,0.055413419000000005,0.055413419000000005,0,0.1265261564,0.1265261564,0.1265261564,0.1265261564,0.1265261564,0.0805054698,0.0554134519,0.055413452700000004,0.1265261564,0.1265261564,0.1265261564,0.1265261564,0.1203166041,0.0554134729,0.0554134729,0,0.0925101655,0.0925101655,0.0925101655,0.0925101655,0.0925101655,0.060743349700000004,0.0430833199,0.0436557561,0.0354406704,0.0354406704,0.0354406704,0.0354406704,0.0343016729,0.0223967079,0.0223967079,0,0.030586100100000003,0.030586100100000003,0.030586100100000003,0.030586100100000003,0.030586100100000003,0.0234108599,0.019290966,0.0203811461,0.00047751360000000004,0.00047751360000000004,0.00047751360000000004,0.00047751360000000004,0.00043974920000000003,2.88083e-05,3.35869e-05,0,0.0004324835,0.0004324835,0.0004324835,0.0004324835,0.0004324835,0.0001536665,0.0,0.0,0.0004324835,0.0004324835,0.0004324835,0.0004324835,0.00043216550000000004,0.0,0.0,0
pu_004,0.08647574820000001,0.1060333937,0.1265261564,0.1265261564,0.1265261564,0.1068027908,0.0954638272,0.0954638272,0.08647574820000001,0.1262624466,0.1265261564,0.1265261564,0.123813797,0.0954638272,0.0954638272,0,0.0864757667,0.1059812053,0.1265261564,0.1265261564,0.1265261564,0.1064241358,0.0954638416,0.0954638419,0.0864757786,0.1262624468,0.1265261564,0.1265261564,0.123813799,0.0954638508,0.0954638508,0,0.0646731645,0.0782436381,0.0925101655,0.0925101655,0.0925101655,0.0786342928,0.0709203209,0.0720597718,0.028094363100000002,0.035392299,0.0354406704,0.0354406704,0.0349431517,0.0297430152,0.0297430152,0,0.0242247259,0.027330972300000003,0.030586100100000003,0.030586100100000003,0.030586100100000003,0.0274519264,0.025652340200000002,0.0270882522,0.0002248046,0.0004759098,0.00047751360000000004,0.00047751360000000004,0.00046101800000000005,0.0002815173,0.0002878113,0,0.0001889105,0.0003076692,0.0004324835,0.0004324835,0.0004324835,0.0003106951,0.00024357300000000002,0.00024357300000000002,0.0001889105,0.0004324835,0.0004324835,0.0004324835,0.0004323446,0.00024357300000000002,0.00024357300000000002,0
pu_005,0.055413419000000005,0.09013959960000001,0.1265261564,0.1265261564,0.1265261564,0.1265261564,0.1265261564,0.1265261564,0.055413419000000005,0.12605791830000002,0.1265261564,0.1265261564,0.1265261564,0.1265261564,0.1265261564,0,0.0554134519,0.0900469348,0.1265261564,0.1265261564,0.1265261564,0.1265261564,0.1265261564,0.1265261564,0.0554134729,0.1260579187,0.1265261564,0.1265261564,0.1265261564,0.1265261564,0.1265261564,0,0.0430833199,0.0671787929,0.0925101655,0.0925101655,0.0925101655,0.0925101655,0.0925101655,0.09408938210000001,0.0223967079,0.0353547831,0.0354406704,0.0354406704,0.0354406704,0.0354406704,0.0354406704,0,0.019290966,0.024806357600000002,0.030586100100000003,0.030586100100000003,0.030586100100000003,0.030586100100000003,0.030586100100000003,0.032290155200000004,2.88083e-05,0.0004746659,0.00047751360000000004,0.00047751360000000004,0.00047751360000000004,0.00047751360000000004,0.00048498300000000003,0,0.0,0.00021086570000000002,0.0004324835,0.0004324835,0.0004324835,0.0004324835,0.0004324835,0.0004324835,0.0,0.0004324835,0.0004324835,0.0004324835,0.0004324835,0.0004324835,0.0004324835,0
pu_006,0.0371827704,0.0655801511,0.09533530650000001,0.12289380670000001,0.1442676514,0.1442676514,0.1442676514,0.1442676514,0.0371827704,0.0949524042,0.097182142,0.1442676514,0.1442676514,0.1442676514,0.1442676514,0,0.0371828931,0.0655044348,0.0953353301,0.1232126615,0.1442676514,0.1442676514,0.1442676514,0.1442676514,0.037182971700000005,0.0949524439,0.09718217920000001,0.1442676514,0.1442676514,0.1442676514,0.1442676514,0,0.0294123119,0.0510008944,0.0737091912,0.0932350457,0.10812045320000001,0.10812045320000001,0.10812045320000001,0.1097986126,0.016375277900000002,0.0372878312,0.0378057148,0.0474753773,0.0474753773,0.0474753773,0.0474753773,0,0.014104525100000001,0.0230907294,0.0325111037,0.0375204253,0.041388458100000004,0.041388458100000004,0.041388458100000004,0.0435250934,2.10631e-05,0.0020125928,0.0020860263,0.0036367062,0.0036367062,0.0036367062,0.0036460717,0,0.0,0.000965405,0.0019800364000000003,0.0028881382000000002,0.0035802451,0.0035802451,0.0035802451,0.0035802451,0.0,0.0019800364000000003,0.0019800364000000003,0.0035802451,0.0035802451,0.0035802451,0.0035802451,0
pu_007,0.0267019699,0.0514609231,0.0774036857,0.1208055687,0.1544672375,0.1544672375,0.1544672375,0.1544672375,0.0267019699,0.0770698429,0.080312267,0.1544672375,0.1544672375,0.1544672375,0.1544672375,0,0.0267021442,0.051394950700000004,0.0774037228,0.12130773310000001,0.1544672375,0.1544672375,0.1544672375,0.1544672375,0.0267022559,0.0770699052,0.0803123256,0.1544672375,0.1544672375,0.1544672375,0.1544672375,0,0.0215528489,0.0417002199,0.0629005104,0.0936517793,0.1170948082,0.1170948082,0.1170948082,0.1188298498,0.0129135575,0.0383991406,0.0391653789,0.0543941308,0.0543941308,0.0543941308,0.0543941308,0,0.01112284,0.0221044147,0.0336177883,0.0415069691,0.0475987342,0.0475987342,0.0475987342,0.0499840598,1.66104e-05,0.0028967470000000003,0.0030107603,0.0054529261,0.0054529261,0.0054529261,0.0054633817000000005,0,0.0,0.0013991897000000001,0.0028697247,0.0042998941,0.0053898933,0.0053898933,0.0053898933,0.0053898933,0.0,0.0028697247,0.0028697247,0.0053898933,0.0053898933,0.0053898933,0.0053898933,0
pu_008,0.0267019699,0.0514609231,0.0774036857,0.1208055687,0.1544672375,0.1544672375,0.1544672375,0.1544672375,0.0267019699,0.0770698429,0.080312267,0.1544672375,0.1544672375,0.1544672375,0.1544672375,0,0.0267021442,0.051394950700000004,0.0774037228,0.12130773310000001,0.1544672375,0.1544672375,0.1544672375,0.1544672375,0.0267022559,0.0770699052,0.0803123256,0.1544672375,0.1544672375,0.1544672375,0.1544672375,0,0.0215528489,0.0417002199,0.0629005104,0.0936517793,0.1170948082,0.1170948082,0.1170948082,0.1188298498,0.0129135575,0.0383991406,0.0391653789,0.0543941308,0.0543941308,0.0543941308,0.0543941308,0,0.01112284,0.0221044147,0.0336177883,0.0415069691,0.0475987342,0.0475987342,0.0475987342,0.0499840598,1.66104e-05,0.0028967470000000003,0.0030107603,0.0054529261,0.0054529261,0.0054529261,0.0054633817000000005,0,0.0,0.0013991897000000001,0.0028697247,0.0042998941,0.0053898933,0.0053898933,0.0053898933,0.0053898933,0.0,0.0028697247,0.0028697247,0.0053898933,0.0053898933,0.0053898933,0.0053898933,0
pu_009,0.1544672375,0.1544672375,0.1544672375,0.1110653545,0.0774036857,0.0452100768,0.0267019699,0.0267019699,0.1544672375,0.1544672375,0.1515586562,0.0774036857,0.072976417,0.0267019699,0.0267019699,0,0.1544672375,0.1544672375,0.1544672375,0.1105632272,0.0774037228,0.0445921244,0.0267021442,0.0267021485,0.1544672375,0.1544672375,0.1515586585,0.0774037466,0.0729764975,0.0267022559,0.0267022559,0,0.1170948082,0.1170948082,0.1170948082,0.08634353930000001,0.0629005104,0.0362371362,0.0215528489,0.0217919138,0.0543941308,0.0543941308,0.0537968133,0.0385680614,0.0363279127,0.0129135575,0.0129135575,0,0.0475987342,0.0475987342,0.0475987342,0.0397095534,0.0336177883,0.0193030065,0.01112284,0.0117514191,0.0054529261,0.0054529261,0.0053578083,0.0029156425,0.0026650584000000002,1.66104e-05,1.93656e-05,0,0.0053898933,0.0053898933,0.0053898933,0.0039597238,0.0028697247,0.0010196469,0.0,0.0,0.0053898933,0.0053898933,0.0053898933,0.0028697247,0.0028676149,0.0,0.0,0
pu_010,0.126710133,0.126710133,0.126710133,0.1264243556,0.1262027121,0.0811342376,0.05522437,0.05522437,0.126710133,0.126710133,0.1266909816,0.1262027121,0.12000489040000001,0.05522437,0.05522437,0,0.126710133,0.126710133,0.126710133,0.1264210494,0.1262027123,0.0802690003,0.0552244038,0.0552244046,0.126710133,0.126710133,0.1266909816,0.1262027125,0.1200048957,0.0552244254,0.0552244254,0,0.09267204180000001,0.09267204180000001,0.09267204180000001,0.0924695616,0.09231520230000001,0.0605819898,0.0429415537,0.0435117948,0.0355654684,0.0355654684,0.035561535400000004,0.0354612625,0.034315014500000005,0.0223342666,0.0223342666,0,0.0306981189,0.0306981189,0.0306981189,0.030646173000000002,0.0306060621,0.023383812,0.0192371834,0.0203243241,0.0005102739,0.0005102739,0.0005096476,0.0004935673,0.0004544016,2.8728000000000003e-05,3.34932e-05,0,0.00046512530000000004,0.00046512530000000004,0.00046512530000000004,0.0004557084,0.00044853140000000003,0.00015936850000000002,0.0,0.0,0.00046512530000000004,0.00046512530000000004,0.00046512530000000004,0.00044853140000000003,0.0004482016,0.0,0.0,0
pu_011,0.1238421745,0.12515283200000002,0.1265261564,0.1265261564,0.1265261564,0.08307656990000001,0.058097400900000006,0.058097400900000006,0.1238421745,0.1265084839,0.1265261564,0.1265261564,0.1205509644,0.058097400900000006,0.058097400900000006,0,0.12384217580000001,0.1251493346,0.1265261564,0.1265261564,0.1265261564,0.0822424117,0.058097432600000005,0.0580974333,0.1238421765,0.1265084839,0.1265261564,0.1265261564,0.12055096900000001,0.058097452800000005,0.058097452800000005,0,0.0906446662,0.0915540928,0.0925101655,0.0925101655,0.0925101655,0.061942312900000004,0.044948819200000004,0.0455592539,0.0349483569,0.0354374287,0.0354406704,0.0354406704,0.0343446616,0.0228890214,0.0228890214,0,0.030159792,0.0303679574,0.030586100100000003,0.030586100100000003,0.030586100100000003,0.0236816724,0.0197172741,0.0208306234,0.0004605783,0.0004774061,0.00047751360000000004,0.00047751360000000004,0.0004411745,4.57436e-05,5.06237e-05,0,0.00041616040000000003,0.0004241191,0.0004324835,0.0004324835,0.0004324835,0.0001641898,1.63231e-05,1.63231e-05,0.00041616040000000003,0.0004324835,0.0004324835,0.0004324835,0.0004321775,1.63231e-05,1.63231e-05,0
pu_012,0.055413419000000005,0.09013959960000001,0.1265261564,0.1265261564,0.1265261564,0.1265261564,0.1265261564,0.1265261564,0.055413419000000005,0.12605791830000002,0.1265261564,0.1265261564,0.1265261564,0.1265261564,0.1265261564,0,0.0554134519,0.0900469348,0.1265261564,0.1265261564,0.1265261564,0.1265261564,0.1265261564,0.1265261564,0.0554134729,0.1260579187,0.1265261564,0.1265261564,0.1265261564,0.1265261564,0.1265261564,0,0.0430833199,0.0671787929,0.0925101655,0.0925101655,0.0925101655,0.0925101655,0.0925101655,0.09408938210000001,0.0223967079,0.0353547831,0.0354406704,0.0354406704,0.0354406704,0.0354406704,0.0354406704,0,0.019290966,0.024806357600000002,0.030586100100000003,0.030586100100000003,0.030586100100000003,0.030586100100000003,0.030586100100000003,0.032290155200000004,2.88083e-05,0.0004746659,0.00047751360000000004,0.00047751360000000004,0.00047751360000000004,0.00047751360000000004,0.00048498300000000003,0,0.0,0.00021086570000000002,0.0004324835,0.0004324835,0.0004324835,0.0004324835,0.0004324835,0.0004324835,0.0,0.0004324835,0.0004324835,0.0004324835,0.0004324835,0.0004324835,0.0004324835,0
pu_013,0.0529063382,0.08676218150000001,0.12223678730000001,0.1260266353,0.1289659688,0.1289659688,0.1289659688,0.1289659688,0.0529063382,0.1217802845,0.1224907643,0.1289659688,0.1289659688,0.1289659688,0.1289659688,0,0.0529063834,0.08667184750000001,0.1222367905,0.1260704842,0.1289659688,0.1289659688,0.1289659688,0.1289659688,0.052906412400000005,0.12178029030000001,0.1224907694,0.1289659688,0.1289659688,0.1289659688,0.1289659688,0,0.0412032814,0.06495400650000001,0.0899246534,0.0926098511,0.094656894,0.094656894,0.094656894,0.0962497172,0.0215686402,0.0356206161,0.035765911500000004,0.0370956846,0.0370956846,0.0370956846,0.0370956846,0,0.0185777261,0.0245704242,0.0308508268,0.0315397093,0.0320716416,0.0320716416,0.0320716416,0.0338351852,2.7743200000000002e-05,0.0006861618000000001,0.0006987164000000001,0.0009119661,0.0009119661,0.0009119661,0.0009196962000000001,0,0.0,0.00031463,0.0006453032,0.0007701854000000001,0.0008653640000000001,0.0008653640000000001,0.0008653640000000001,0.0008653640000000001,0.0,0.0006453032,0.0006453032,0.0008653640000000001,0.0008653640000000001,0.0008653640000000001,0.0008653640000000001,0
pu_014,0.0267019699,0.0514609231,0.0774036857,0.1208055687,0.1544672375,0.1544672375,0.1544672375,0.1544672375,0.0267019699,0.0770698429,0.080312267,0.1544672375,0.1544672375,0.1544672375,0.1544672375,0,0.0267021442,0.051394950700000004,0.0774037228,0.12130773310000001,0.1544672375,0.1544672375,0.1544672375,0.1544672375,0.0267022559,0.0770699052,0.0803123256,0.1544672375,0.1544672375,0.1544672375,0.1544672375,0,0.0215528489,0.0417002199,0.0629005104,0.0936517793,0.1170948082,0.1170948082,0.1170948082,0.1188298498,0.0129135575,0.0383991406,0.0391653789,0.0543941308,0.0543941308,0.0543941308,0.0543941308,0,0.01112284,0.0221044147,0.0336177883,0.0415069691,0.0475987342,0.0475987342,0.0475987342,0.0499840598,1.66104e-05,0.0028967470000000003,0.0030107603,0.0054529261,0.0054529261,0.0054529261,0.0054633817000000005,0,0.0,0.0013991897000000001,0.0028697247,0.0042998941,0.0053898933,0.0053898933,0.0053898933,0.0053898933,0.0,0.0028697247,0.0028697247,0.0053898933,0.0053898933,0.0053898933,0.0053898933,0
pu_015,0.0267019699,0.0514609231,0.0774036857,0.1208055687,0.1544672375,0.1544672375,0.1544672375,0.1544672375,0.0267019699,0.0770698429,0.080312267,0.1544672375,0.1544672375,0.1544672375,0.1544672375,0,0.0267021442,0.051394950700000004,0.0774037228,0.12130773310000001,0.1544672375,0.1544672375,0.1544672375,0.1544672375,0.0267022559,0.0770699052,0.0803123256,0.1544672375,0.1544672375,0.1544672375,0.1544672375,0,0.0215528489,0.0417002199,0.0629005104,0.0936517793,0.1170948082,0.1170948082,0.1170948082,0.1188298498,0.0129135575,0.0383991406,0.0391653789,0.0543941308,0.0543941308,0.0543941308,0.0543941308,0,0.01112284,0.0221044147,0.0336177883,0.0415069691,0.0475987342,0.0475987342,0.0475987342,0.0499840598,1.66104e-05,0.0028967470000000003,0.0030107603,0.0054529261,0.0054529261,0.0054529261,0.0054633817000000005,0,0.0,0.0013991897000000001,0.0028697247,0.0042998941,0.0053898933,0.0053898933,0.0053898933,0.0053898933,0.0,0.0028697247,0.0028697247,0.0053898933,0.0053898933,0.0053898933,0.0053898933,0
pu_016,0.0,0.0,0.0,0.0,0.0,0.0,0.0,0.0,0.0,0.0,0.0,0.0,0.0,0.0,0.0,0,0.0,0.0,0.0,0.0,0.0,0.0,0.0,0.0,0.0,0.0,0.0,0.0,0.0,0.0,0.0,0,0.0,0.0,0.0,0.0,0.0,0.0,0.0,0.0,0.0,0.0,0.0,0.0,0.0,0.0,0.0,0,0.0,0.0,0.0,0.0,0.0,0.0,0.0,0.0,0.0,0.0,0.0,0.0,0.0,0.0,0.0,0,0.0,0.0,0.0,0.0,0.0,0.0,0.0,0.0,0.0,0.0,0.0,0.0,0.0,0.0,0.0,0
pu_017,0.1406512566,0.1406512566,0.1406512566,0.0941030496,0.0580011522,0.0293737685,0.0129158845,0.0129158845,0.1406512566,0.1406512566,0.137531824,0.0580011522,0.0540643112,0.0129158845,0.0129158845,0,0.1406512566,0.1406512566,0.1406512566,0.0936162403,0.0580924323,0.0288922102,0.012970971500000001,0.0129723276,0.1406512566,0.1406512566,0.13753747630000002,0.0581509097,0.0542088837,0.0130062623,0.0130062623,0,0.12605804240000001,0.12605804240000001,0.12605804240000001,0.0841924986,0.052487689100000005,0.0256730209,0.0109955516,0.011088900300000001,0.1015746351,0.1015746351,0.09936335930000001,0.0429863594,0.0398983586,0.0076221311,0.0076221311,0,0.0898078019,0.0898078019,0.0898078019,0.0606641788,0.0381520276,0.0180008941,0.006565173400000001,0.0069361876,0.0168285891,0.0168285891,0.016504179100000002,0.0081689625,0.0074595652000000005,9.8041e-06,1.14304e-05,0,0.0167194421,0.0167194421,0.0167194421,0.0118416864,0.0081241201,0.0028865952,0.0,0.0,0.0167194421,0.0167194421,0.0167194421,0.0081241201,0.0081181473,0.0,0.0,0
pu_018,0.1270527008,0.1270527008,0.1270527008,0.1031763224,0.0846582607,0.0451776473,0.0224802412,0.0224802412,0.1270527008,0.1270527008,0.1254526231,0.0846582607,0.0792288824,0.0224802412,0.0224802412,0,0.1270527008,0.1270527008,0.1270527008,0.10292659130000001,0.084705033,0.0444771398,0.0225436848,0.0225452467,0.1270527008,0.1270527008,0.1254555193,0.084734997,0.079308007,0.0225843292,0.0225843292,0,0.11309661530000001,0.11309661530000001,0.11309661530000001,0.09162691440000001,0.07536780380000001,0.039086307800000004,0.019210538200000002,0.0193671688,0.0896821347,0.0896821347,0.0885487269,0.059652225,0.055626604600000004,0.013550243,0.013550243,0,0.0785942981,0.0785942981,0.0785942981,0.0636564812,0.0521176841,0.0263774149,0.0116712366,0.0123308069,0.0098262984,0.0098262984,0.009660015000000001,0.0053876207,0.004923276900000001,1.74293e-05,2.03204e-05,0,0.009723449700000001,0.009723449700000001,0.009723449700000001,0.0072232506,0.0053177317,0.0018894525,0.0,0.0,0.009723449700000001,0.009723449700000001,0.009723449700000001,0.0053177317,0.0053138221,0.0,0.0,0
pu_019,0.1127294081,0.1127294081,0.1127294081,0.1127294081,0.1127294081,0.061828142600000004,0.0325650032,0.0325650032,0.1127294081,0.1127294081,0.1127294081,0.1127294081,0.1057294604,0.0325650032,0.0325650032,0,0.1127294081,0.1127294081,0.1127294081,0.1127294081,0.1127294081,0.0608972536,0.032637228500000004,0.0326390065,0.1127294081,0.1127294081,0.1127294081,0.1127294081,0.10573980740000001,0.0326834988,0.0326834988,0,0.0994468186,0.0994468186,0.0994468186,0.0994468186,0.0994468186,0.05321086,0.0278688224,0.0280923471,0.0771622795,0.0771622795,0.0771622795,0.0771622795,0.0721526354,0.019791117,0.019791117,0,0.06679026960000001,0.06679026960000001,0.06679026960000001,0.06679026960000001,0.06679026960000001,0.035184928500000004,0.0170466913,0.0180100418,0.0024619067,0.0024619067,0.0024619067,0.0024619067,0.0022553342,2.54568e-05,2.9679400000000003e-05,0,0.0023656979000000002,0.0023656979000000002,0.0023656979000000002,0.0023656979000000002,0.0023656979000000002,0.0008405602,0.0,0.0,0.0023656979000000002,0.0023656979000000002,0.0023656979000000002,0.0023656979000000002,0.0023639586,0.0,0.0,0
pu_020,0.06708478130000001,0.0893742278,0.1127294081,0.1127294081,0.1127294081,0.0908106976,0.0782096301,0.0782096301,0.06708478130000001,0.1124288635,0.1127294081,0.1127294081,0.10971514460000001,0.0782096301,0.0782096301,0,0.06712572160000001,0.0893357168,0.1127294081,0.1127294081,0.1127294081,0.0904099634,0.0782409151,0.0782416853,0.06715194940000001,0.1124293058,0.1127294081,0.1127294081,0.1097196265,0.0782609575,0.0782609575,0,0.058731595600000006,0.0785660896,0.0994468186,0.0994468186,0.0994468186,0.0795104836,0.06858404530000001,0.0690333029,0.044604553400000004,0.0769479049,0.0771622795,0.0771622795,0.07499557280000001,0.0523488432,0.0523488432,0,0.0385611851,0.052345044300000004,0.06679026960000001,0.06679026960000001,0.06679026960000001,0.0531207041,0.0452757758,0.0477585696,0.001079541,0.002453069,0.0024619067,0.0024619067,0.0023725362000000002,0.0014078225000000002,0.0014187053,0,0.0010234839,0.0016779062000000001,0.0023656979000000002,0.0023656979000000002,0.0023656979000000002,0.0017058698,0.001342214,0.001342214,0.0010234839,0.0023656979000000002,0.0023656979000000002,0.0023656979000000002,0.0023649454,0.001342214,0.001342214,0
pu_021,0.0325650032,0.0717113461,0.1127294081,0.1127294081,0.1127294081,0.1127294081,0.1127294081,0.1127294081,0.0325650032,0.1122015698,0.1127294081,0.1127294081,0.1127294081,0.1127294081,0.1127294081,0,0.032637228500000004,0.0716438758,0.1127294081,0.1127294081,0.1127294081,0.1127294081,0.1127294081,0.1127294081,0.0326834988,0.11220235,0.1127294081,0.1127294081,0.1127294081,0.1127294081,0.1127294081,0,0.0278688224,0.0627380852,0.0994468186,0.0994468186,0.0994468186,0.0994468186,0.0994468186,0.1000634723,0.019791117,0.0767845221,0.0771622795,0.0771622795,0.0771622795,0.0771622795,0.0771622795,0,0.0170466913,0.041335770200000004,0.06679026960000001,0.06679026960000001,0.06679026960000001,0.06679026960000001,0.06679026960000001,0.0704310608,2.54568e-05,0.0024463299,0.0024619067,0.0024619067,0.0024619067,0.0024619067,0.0024778654000000002,0,0.0,0.0011534417,0.0023656979000000002,0.0023656979000000002,0.0023656979000000002,0.0023656979000000002,0.0023656979000000002,0.0023656979000000002,0.0,0.0023656979000000002,0.0023656979000000002,0.0023656979000000002,0.0023656979000000002,0.0023656979000000002,0.0023656979000000002,0
pu_022,0.0198003357,0.0478994477,0.0773420734,0.1074488983,0.1307991749,0.1307991749,0.1307991749,0.1307991749,0.0198003357,0.0769631928,0.07935968510000001,0.1307991749,0.1307991749,0.1307991749,0.1307991749,0,0.0198615628,0.047884390400000004,0.077400655,0.1078226016,0.1307991749,0.1307991749,0.1307991749,0.1307991749,0.019900787200000002,0.07705933250000001,0.0794521688,0.1307991749,0.1307991749,0.1307991749,0.1307991749,0,0.0169242277,0.0423653039,0.0691504108,0.0961840136,0.1166574159,0.1166574159,0.1166574159,0.1173139572,0.0119303779,0.0549605934,0.0566681562,0.0929314264,0.0929314264,0.0929314264,0.0929314264,0,0.0102759975,0.0288990475,0.048427226600000005,0.0671733141,0.0816538197,0.0816538197,0.0816538197,0.08561249430000001,1.53457e-05,0.0060976677,0.006346374300000001,0.011708844500000001,0.011708844500000001,0.011708844500000001,0.011726196500000001,0,0.0,0.0029616991,0.0060744166,0.0092125312,0.0116042355,0.0116042355,0.0116042355,0.0116042355,0.0,0.0060744166,0.0060744166,0.0116042355,0.0116042355,0.0116042355,0.0116042355,0
pu_023,0.0129158845,0.0349321815,0.0580011522,0.1045493591,0.1406512566,0.1406512566,0.1406512566,0.1406512566,0.0129158845,0.0577042906,0.0611205847,0.1406512566,0.1406512566,0.1406512566,0.1406512566,0,0.012970971500000001,0.0349461562,0.0580924323,0.1051274485,0.1406512566,0.1406512566,0.1406512566,0.1406512566,0.0130062623,0.057853657200000005,0.061264690000000004,0.1406512566,0.1406512566,0.1406512566,0.1406512566,0,0.0109955516,0.03120711,0.052487689100000005,0.0943532329,0.12605804240000001,0.12605804240000001,0.12605804240000001,0.12673554280000002,0.0076221311,0.042753505500000004,0.0451976352,0.1015746351,0.1015746351,0.1015746351,0.1015746351,0,0.006565173400000001,0.0219798002,0.0381520276,0.0672956507,0.0898078019,0.0898078019,0.0898078019,0.0939382051,9.8041e-06,0.0081154697,0.0084933726,0.0168285891,0.0168285891,0.0168285891,0.0168466939,0,0.0,0.0039610716,0.0081241201,0.013001875900000001,0.0167194421,0.0167194421,0.0167194421,0.0167194421,0.0,0.0081241201,0.0081241201,0.0167194421,0.0167194421,0.0167194421,0.0167194421,0
pu_024,0.0125765103,0.034525291,0.057523517100000005,0.1041491776,0.1403111465,0.1403111465,0.1403111465,0.1403111465,0.0125765103,0.0572275659,0.060648140100000004,0.1403111465,0.1403111465,0.1403111465,0.1403111465,0,0.0126329491,0.0345412338,0.057617043300000004,0.104729136,0.1403111465,0.1403111465,0.1403111465,0.1403111465,0.0126691059,0.057380607900000005,0.0607957915,0.1403111465,0.1403111465,0.1403111465,0.1403111465,0,0.010735661,0.0309487996,0.0522313551,0.0943705007,0.1262786917,0.1262786917,0.1262786917,0.1269301584,0.0074918712,0.042860697600000004,0.0453461321,0.10273608470000001,0.10273608470000001,0.10273608470000001,0.10273608470000001,0,0.0064529767,0.0219767326,0.0382636477,0.06793049450000001,0.0908468689,0.0908468689,0.0908468689,0.09502023100000001,9.6366e-06,0.008243939700000001,0.008628338900000001,0.0171086256,0.0171086256,0.0171086256,0.0171269186,0,0.0,0.0040241379,0.0082534684,0.0132160939,0.0169983434,0.0169983434,0.0169983434,0.0169983434,0.0,0.0082534684,0.0082534684,0.0169983434,0.0169983434,0.0169983434,0.0169983434,0
pu_025,0.13180022430000002,0.13180022430000002,0.13180022430000002,0.0832363649,0.0455711662,0.0192284392,0.0040840044,0.0040840044,0.13180022430000002,0.13180022430000002,0.1285457126,0.0455711662,0.0419485114,0.0040840044,0.0040840044,0,0.13180022430000002,0.13180022430000002,0.13180022430000002,0.082759369,0.045720899999999995,0.0188342601,0.0041742705000000005,0.0041764926,0.13180022430000002,0.13180022430000002,0.1285549845,0.045816825000000005,0.0421856509,0.0042320984,0.0042320984,0,0.13180022430000002,0.13180022430000002,0.13180022430000002,0.08281446170000001,0.0458168477,0.0189052549,0.0042321535,0.004232151,0.13180022430000002,0.13180022430000002,0.1285549868,0.0458168858,0.0421857193,0.0042322461,0.0042322461,0,0.1168485035,0.1168485035,0.1168485035,0.07408849270000001,0.0410568303,0.0171667123,0.0036453624000000002,0.0038513708,0.0241162628,0.0241162628,0.0236449595,0.011534435000000001,0.0105311048,5.4438e-06,6.3468e-06,0,0.023977573300000003,0.023977573300000003,0.023977573300000003,0.0168911653,0.0114902816,0.0040826319000000005,0.0,0.0,0.023977573300000003,0.023977573300000003,0.023977573300000003,0.0114902816,0.011481834000000002,0.0,0.0,0
pu_026,0.10407446590000001,0.10407446590000001,0.10407446590000001,0.10375469970000001,0.1035066952,0.0491093442,0.0178363051,0.0178363051,0.10407446590000001,0.10407446590000001,0.1040530367,0.1035066952,0.09602596540000001,0.0178363051,0.0178363051,0,0.10407446590000001,0.10407446590000001,0.10407446590000001,0.1037515589,0.1035076811,0.0481412502,0.0179545939,0.017957505800000002,0.10407446590000001,0.10407446590000001,0.10405309780000001,0.10350831270000001,0.0960443878,0.018030374000000002,0.018030374000000002,0,0.10407446590000001,0.10407446590000001,0.10407446590000001,0.1037519217,0.1035083128,0.048191156900000004,0.0180303923,0.0180303914,0.10407446590000001,0.10407446590000001,0.10405309780000001,0.1035083131,0.0960443924,0.0180304229,0.0180304229,0,0.0901608975,0.0901608975,0.0901608975,0.0898793465,0.0896618512,0.0425595297,0.015530151800000001,0.016407799,0.0038673943000000002,0.0038673943000000002,0.003864291,0.0037845499,0.0034652985,2.31921e-05,2.7039000000000003e-05,0,0.0037383345,0.0037383345,0.0037383345,0.0036916745,0.0036561126,0.0012990597,0.0,0.0,0.0037383345,0.0037383345,0.0037383345,0.0036561126,0.0036534247,0.0,0.0,0
pu_027,0.1006462181,0.1022305807,0.1038906971,0.1038906971,0.1038906971,0.051367515,0.0211719356,0.0211719356,0.1006462181,0.10386933400000001,0.1038906971,0.1038906971,0.09666770320000001,0.0211719356,0.0211719356,0,0.10065068960000001,0.1022286434,0.1038906971,0.1038906971,0.1038906971,0.050432299,0.0212859385,0.021288745,0.10065355420000001,0.10386938230000001,0.1038906971,0.1038906971,0.0966840353,0.0213589731,0.0213589731,0,0.1006535549,0.10223011580000001,0.1038906971,0.1038906971,0.1038906971,0.0504801875,0.0213589904,0.0213589896,0.1006535561,0.10386938230000001,0.1038906971,0.1038906971,0.09668403930000001,0.021359019400000002,0.021359019400000002,0,0.0871768982,0.0885475673,0.0899840097,0.0899840097,0.0899840097,0.044511408,0.0184160368,0.0194490849,0.0035931626,0.0037322872,0.0037331829,0.0037331829,0.0034303439,0.0001633301,0.00016785820000000002,0,0.0034681555000000003,0.0035344803,0.0036041871,0.0036041871,0.0036041871,0.0013683079000000001,0.0001360315,0.0001360315,0.0034681555000000003,0.0036041871,0.0036041871,0.0036041871,0.0036016373,0.0001360315,0.0001360315,0
pu_028,0.0179274566,0.0599055202,0.1038906971,0.1038906971,0.1038906971,0.1038906971,0.1038906971,0.1038906971,0.0179274566,0.1033246766,0.1038906971,0.1038906971,0.1038906971,0.1038906971,0.1038906971,0,0.0180459311,0.0598541905,0.1038906971,0.1038906971,0.1038906971,0.1038906971,0.1038906971,0.1038906971,0.0181218303,0.10332595650000001,0.1038906971,0.1038906971,0.1038906971,0.1038906971,0.1038906971,0,0.018121848200000002,0.059893202400000005,0.1038906971,0.1038906971,0.1038906971,0.1038906971,0.1038906971,0.1038906971,0.0181218784,0.10332595680000001,0.1038906971,0.1038906971,0.1038906971,0.1038906971,0.1038906971,0,0.0156089253,0.0519251279,0.0899840097,0.0899840097,0.0899840097,0.0899840097,0.0899840097,0.0948655463,2.33097e-05,0.0037094514,0.0037331829,0.0037331829,0.0037331829,0.0037331829,0.0037545801,0,0.0,0.001757291,0.0036041871,0.0036041871,0.0036041871,0.0036041871,0.0036041871,0.0036041871,0.0,0.0036041871,0.0036041871,0.0036041871,0.0036041871,0.0036041871,0.0036041871,0
pu_029,0.016718647700000002,0.056800226700000005,0.09879824150000001,0.10303883280000001,0.1063277542,0.1063277542,0.1063277542,0.1063277542,0.016718647700000002,0.0982577927,0.0990824252,0.1063277542,0.1063277542,0.1063277542,0.1063277542,0,0.0168346591,0.0567590716,0.09881131630000001,0.1030935588,0.1063277542,0.1063277542,0.1063277542,0.1063277542,0.0169089803,0.09828035560000001,0.0991030665,0.1063277542,0.1063277542,0.1063277542,0.1063277542,0,0.0169090015,0.0568013471,0.0988196944,0.1030971262,0.1063277542,0.1063277542,0.1063277542,0.1063277542,0.0169090371,0.09828036130000001,0.09910307160000001,0.1063277542,0.1063277542,0.1063277542,0.1063277542,0,0.014564268200000001,0.049303334000000004,0.0857116933,0.0894454932,0.0923298146,0.0923298146,0.0923298146,0.0972433826,2.17496e-05,0.0043861218,0.004455541600000001,0.0055130314,0.0055130314,0.0055130314,0.0055345690000000005,0,0.0,0.0020930375,0.004292799999999999,0.0049115845,0.0053831891000000005,0.0053831891000000005,0.0053831891000000005,0.0053831891000000005,0.0,0.004292799999999999,0.004292799999999999,0.0053831891000000005,0.0053831891000000005,0.0053831891000000005,0.0053831891000000005,0
pu_030,0.0040840044,0.0243432537,0.0455711662,0.0941350255,0.13180022430000002,0.13180022430000002,0.13180022430000002,0.13180022430000002,0.0040840044,0.0452979961,0.0488256778,0.13180022430000002,0.13180022430000002,0.13180022430000002,0.13180022430000002,0,0.0041742705000000005,0.024408445600000002,0.045720899999999995,0.0947617553,0.13180022430000002,0.13180022430000002,0.13180022430000002,0.13180022430000002,0.0042320984,0.0455430126,0.0490620649,0.13180022430000002,0.13180022430000002,0.13180022430000002,0.13180022430000002,0,0.0042321535,0.024484832800000002,0.0458168477,0.0948026103,0.13180022430000002,0.13180022430000002,0.13180022430000002,0.13180022430000002,0.0042322461,0.0455430739,0.0490621233,0.13180022430000002,0.13180022430000002,0.13180022430000002,0.13180022430000002,0,0.0036453624000000002,0.0218999675,0.0410568303,0.0838168411,0.1168485035,0.1168485035,0.1168485035,0.1220968686,5.4438e-06,0.0114587779,0.0120057383,0.0241162628,0.0241162628,0.0241162628,0.0241392678,0,0.0,0.0056023087,0.0114902816,0.0185766897,0.023977573300000003,0.023977573300000003,0.023977573300000003,0.023977573300000003,0.0,0.0114902816,0.0114902816,0.023977573300000003,0.023977573300000003,0.023977573300000003,0.023977573300000003,0
pu_031,0.0040840044,0.0243432537,0.0455711662,0.0941350255,0.13180022430000002,0.13180022430000002,0.13180022430000002,0.13180022430000002,0.0040840044,0.0452979961,0.0488256778,0.13180022430000002,0.13180022430000002,0.13180022430000002,0.13180022430000002,0,0.0041742705000000005,0.024408445600000002,0.045720899999999995,0.0947617553,0.13180022430000002,0.13180022430000002,0.13180022430000002,0.13180022430000002,0.0042320984,0.0455430126,0.0490620649,0.13180022430000002,0.13180022430000002,0.13180022430000002,0.13180022430000002,0,0.0042321535,0.024484832800000002,0.0458168477,0.0948026103,0.13180022430000002,0.13180022430000002,0.13180022430000002,0.13180022430000002,0.0042322461,0.0455430739,0.0490621233,0.13180022430000002,0.13180022430000002,0.13180022430000002,0.13180022430000002,0,0.0036453624000000002,0.0218999675,0.0410568303,0.0838168411,0.1168485035,0.1168485035,0.1168485035,0.1220968686,5.4438e-06,0.0114587779,0.0120057383,0.0241162628,0.0241162628,0.0241162628,0.0241392678,0,0.0,0.0056023087,0.0114902816,0.0185766897,0.023977573300000003,0.023977573300000003,0.023977573300000003,0.023977573300000003,0.0,0.0114902816,0.0114902816,0.023977573300000003,0.023977573300000003,0.023977573300000003,0.023977573300000003,0
pu_032,0.0,0.0,0.0,0.0,0.0,0.0,0.0,0.0,0.0,0.0,0.0,0.0,0.0,0.0,0.0,0,0.0,0.0,0.0,0.0,0.0,0.0,0.0,0.0,0.0,0.0,0.0,0.0,0.0,0.0,0.0,0,0.0,0.0,0.0,0.0,0.0,0.0,0.0,0.0,0.0,0.0,0.0,0.0,0.0,0.0,0.0,0,0.0,0.0,0.0,0.0,0.0,0.0,0.0,0.0,0.0,0.0,0.0,0.0,0.0,0.0,0.0,0,0.0,0.0,0.0,0.0,0.0,0.0,0.0,0.0,0.0,0.0,0.0,0.0,0.0,0.0,0.0,0
pu_033,0.0915758255,0.0915758255,0.0915758255,0.0585074036,0.032860169200000004,0.013620001100000001,0.0025588278,0.0025588278,0.0915758255,0.0915758255,0.089359742,0.032860169200000004,0.0302142591,0.0025588278,0.0025588278,0,0.1160216907,0.1160216907,0.1160216907,0.0731972657,0.0407697765,0.0167516862,0.0035991629000000002,0.0036247730000000004,0.13168262290000002,0.13168262290000002,0.1284425818,0.0458369657,0.042206961800000005,0.0042656404,0.0042656404,0,0.13168262290000002,0.13168262290000002,0.13168262290000002,0.08279502500000001,0.0458712265,0.0189596988,0.004286838,0.0042858539,0.13168262290000002,0.13168262290000002,0.12844604440000001,0.0459287067,0.042295648400000004,0.0043224018,0.0043224018,0,0.1223146413,0.1223146413,0.1223146413,0.07736033020000001,0.0429463032,0.0179138073,0.0039546983,0.0040837699,0.0642133742,0.0642133742,0.0627148015,0.0244491035,0.0224625156,0.0016741604,0.0016747262000000001,0,0.0641264785,0.0641264785,0.0641264785,0.041594282,0.0244214393,0.0097543366,0.0016707496,0.0016707496,0.0641264785,0.0641264785,0.0641264785,0.0244214393,0.0244047129,0.0016707496,0.0016707496,0
pu_034,0.079337448,0.079337448,0.079337448,0.0623908742,0.0492474363,0.022287774700000002,0.0067886642,0.0067886642,0.079337448,0.079337448,0.0782017718,0.0492474363,0.0455399406,0.0067886642,0.0067886642,0,0.1029823811,0.1029823811,0.1029823811,0.0810211457,0.064391566,0.028851349800000002,0.0093692809,0.009432808400000001,0.1181302064,0.1181302064,0.1164681437,0.0740934599,0.0685861118,0.0110225202,0.0110225202,0,0.1181302064,0.1181302064,0.1181302064,0.09305207210000001,0.074111072,0.0332989169,0.0110466621,0.011045541300000001,0.1181302064,0.1181302064,0.11646992360000001,0.0741406203,0.06863479900000001,0.011087165500000001,0.011087165500000001,0,0.10908153250000001,0.10908153250000001,0.10908153250000001,0.0860186028,0.06836348190000001,0.031048774100000003,0.0101309532,0.0104666036,0.0529606472,0.0529606472,0.0521908003,0.032533024800000004,0.0300629292,0.0042004177,0.004201889,0,0.0528767133,0.0528767133,0.0528767133,0.041301471400000005,0.0324794371,0.014242567000000001,0.0041915481,0.0041915481,0.0528767133,0.0528767133,0.0528767133,0.0324794371,0.0324586399,0.0041915481,0.0041915481,0
pu_035,0.066453043,0.066453043,0.066453043,0.066453043,0.066453043,0.031390107800000004,0.0112324251,0.0112324251,0.066453043,0.066453043,0.066453043,0.066453043,0.0616311842,0.0112324251,0.0112324251,0,0.08925069370000001,0.08925069370000001,0.08925069370000001,0.08925069370000001,0.08925069370000001,0.0415854655,0.015442397100000001,0.015546034700000001,0.10385571830000001,0.10385571830000001,0.10385571830000001,0.10385571830000001,0.09637098350000001,0.0181394621,0.0181394621,0,0.10385571830000001,0.10385571830000001,0.10385571830000001,0.10385571830000001,0.10385571830000001,0.0484022384,0.018166718800000002,0.0181654534,0.10385571830000001,0.10385571830000001,0.10385571830000001,0.10385571830000001,0.0963773566,0.018212448000000003,0.018212448000000003,0,0.0951425011,0.0951425011,0.0951425011,0.0951425011,0.0951425011,0.044886889400000005,0.0166379629,0.017190639900000002,0.0411021556,0.0411021556,0.0411021556,0.0411021556,0.0381190365,0.0068728308,0.006875253400000001,0,0.041021333300000004,0.041021333300000004,0.041021333300000004,0.041021333300000004,0.041021333300000004,0.0189967791,0.0068582262,0.0068582262,0.041021333300000004,0.041021333300000004,0.041021333300000004,0.041021333300000004,0.0409962166,0.0068582262,0.0068582262,0
pu_036,0.0351597145,0.0504410525,0.066453043,0.066453043,0.066453043,0.051260148900000004,0.0425257535,0.0425257535,0.0351597145,0.0662469937,0.066453043,0.066453043,0.0643637145,0.0425257535,0.0425257535,0,0.0472664173,0.0677198425,0.08925069370000001,0.08925069370000001,0.08925069370000001,0.0686981817,0.057426673500000004,0.057793491700000005,0.055022422300000005,0.103534178,0.10385571830000001,0.10385571830000001,0.10063510190000001,0.0669727581,0.0669727581,0,0.055038098300000005,0.0788133917,0.10385571830000001,0.10385571830000001,0.10385571830000001,0.07999447080000001,0.0669843388,0.0669838012,0.055064398300000005,0.1035344544,0.10385571830000001,0.10385571830000001,0.1006378097,0.067003768,0.067003768,0,0.0503951548,0.072221433,0.0951425011,0.0951425011,0.0951425011,0.073534362,0.0613853091,0.0633575051,0.0214359859,0.0409729117,0.0411021556,0.0411021556,0.039833009,0.0265390005,0.0265476452,0,0.0213926748,0.030963006300000002,0.041021333300000004,0.041021333300000004,0.041021333300000004,0.031651144900000004,0.0264868847,0.0264868847,0.0213926748,0.041021333300000004,0.041021333300000004,0.041021333300000004,0.0410106476,0.0264868847,0.0264868847,0
pu_037,0.0112324251,0.0381980746,0.066453043,0.066453043,0.066453043,0.066453043,0.066453043,0.066453043,0.0112324251,0.0660894457,0.066453043,0.066453043,0.066453043,0.066453043,0.066453043,0,0.015442397100000001,0.0513993699,0.08925069370000001,0.08925069370000001,0.08925069370000001,0.08925069370000001,0.08925069370000001,0.0898119069,0.0181394621,0.1032913241,0.10385571830000001,0.10385571830000001,0.10385571830000001,0.10385571830000001,0.10385571830000001,0,0.018166718800000002,0.059899214000000006,0.10385571830000001,0.10385571830000001,0.10385571830000001,0.10385571830000001,0.10385571830000001,0.10385571830000001,0.018212448000000003,0.1032918047,0.10385571830000001,0.10385571830000001,0.10385571830000001,0.10385571830000001,0.10385571830000001,0,0.0166379629,0.0549302473,0.0951425011,0.0951425011,0.0951425011,0.0951425011,0.0951425011,0.09820102160000001,0.0068728308,0.0408772104,0.0411021556,0.0411021556,0.0411021556,0.0411021556,0.0411155619,0,0.0068582262,0.0235151088,0.041021333300000004,0.041021333300000004,0.041021333300000004,0.041021333300000004,0.041021333300000004,0.041021333300000004,0.0068582262,0.041021333300000004,0.041021333300000004,0.041021333300000004,0.041021333300000004,0.041021333300000004,0.041021333300000004,0
pu_038,0.0056717029000000006,0.0248591579,0.04496403,0.0662072231,0.0826830367,0.0826830367,0.0826830367,0.0826830367,0.0056717029000000006,0.0447053117,0.0463876446,0.0826830367,0.0826830367,0.0826830367,0.0826830367,0,0.0077985943,0.0322415983,0.0579744196,0.0856252882,0.10656404030000001,0.10656404030000001,0.10656404030000001,0.10715192250000001,0.0091611602,0.0659330706,0.0684061044,0.12186310110000001,0.12186310110000001,0.12186310110000001,0.12186310110000001,0,0.009184434,0.0370165229,0.06633187900000001,0.0979685614,0.12186310110000001,0.12186310110000001,0.12186310110000001,0.12186310110000001,0.0092234809,0.0659933837,0.0684641283,0.12186310110000001,0.12186310110000001,0.12186310110000001,0.12186310110000001,0,0.0084226746,0.0342248998,0.061330519300000004,0.0904450091,0.1127301084,0.1127301084,0.1127301084,0.1159359789,0.0034559844,0.029902180900000002,0.0310574253,0.0560862691,0.0560862691,0.0560862691,0.0561003214,0,0.0034485563000000003,0.0164090797,0.030030466000000002,0.0447687877,0.056001553200000005,0.056001553200000005,0.056001553200000005,0.056001553200000005,0.0034485563000000003,0.030030466000000002,0.030030466000000002,0.056001553200000005,0.056001553200000005,0.056001553200000005,0.056001553200000005,0
pu_039,0.0025588278,0.0173557529,0.032860169200000004,0.0659285911,0.0915758255,0.0915758255,0.0915758255,0.0915758255,0.0025588278,0.0326606516,0.0350762526,0.0915758255,0.0915758255,0.0915758255,0.0915758255,0,0.0035991629000000002,0.0217060313,0.0407697765,0.0835942015,0.1160216907,0.1160216907,0.1160216907,0.1166234783,0.0042656404,0.045563241500000004,0.0490770068,0.13168262290000002,0.13168262290000002,0.13168262290000002,0.13168262290000002,0,0.004286838,0.024539354200000002,0.0458712265,0.0947588244,0.13168262290000002,0.13168262290000002,0.13168262290000002,0.13168262290000002,0.0043224018,0.0456547522,0.0491652853,0.13168262290000002,0.13168262290000002,0.13168262290000002,0.13168262290000002,0,0.0039546983,0.022966026100000002,0.0429463032,0.0879006143,0.1223146413,0.1223146413,0.1223146413,0.1256029978,0.0016741604,0.024299302800000002,0.025947676200000002,0.0642133742,0.0642133742,0.0642133742,0.06422778800000001,0,0.0016707496,0.0127632877,0.0244214393,0.046953635800000004,0.0641264785,0.0641264785,0.0641264785,0.0641264785,0.0016707496,0.0244214393,0.0244214393,0.0641264785,0.0641264785,0.0641264785,0.0641264785,0
pu_040,0.0026296352,0.017680152600000002,0.0334502862,0.0672380949,0.0934432718,0.0934432718,0.0934432718,0.0934432718,0.0026296352,0.0332473493,0.0357145794,0.0934432718,0.0934432718,0.0934432718,0.0934432718,0,0.0036258627000000003,0.0218314928,0.040999635900000005,0.0841126631,0.11675422040000001,0.11675422040000001,0.11675422040000001,0.1173280695,0.0042640832,0.0455623023,0.049076313100000005,0.1316880826,0.1316880826,0.1316880826,0.1316880826,0,0.0042842992,0.024536823000000003,0.0458687019,0.0947608572,0.1316880826,0.1316880826,0.1316880826,0.1316880826,0.0043182162,0.0456495674,0.049160495900000004,0.1316880826,0.1316880826,0.1316880826,0.1316880826,0,0.0039403372,0.0229165336,0.042858583000000006,0.0877110222,0.122060872,0.122060872,0.122060872,0.1254402232,0.001596689,0.023703172300000002,0.025300411800000002,0.0623518372,0.0623518372,0.0623518372,0.0623666499,0,0.0015931839,0.012430834100000001,0.023821101100000002,0.0456362159,0.06226253700000001,0.06226253700000001,0.06226253700000001,0.06226253700000001,0.0015931839,0.023821101100000002,0.023821101100000002,0.06226253700000001,0.06226253700000001,0.06226253700000001,0.06226253700000001,0
pu_041,0.0240903262,0.0240903262,0.0240903262,0.0170189947,0.0115346055,0.0042105816,0.0,0.0,0.0240903262,0.0240903262,0.0236164402,0.0115346055,0.0105274049,0.0,0.0,0,0.0895496426,0.0895496426,0.0895496426,0.0571546813,0.0324631504,0.0132576989,0.0026342903,0.002699139,0.1314853201,0.1314853201,0.12825400110000001,0.0458707562,0.0422427156,0.0043219148,0.0043219148,0,0.1314853201,0.1314853201,0.1314853201,0.0827624154,0.0459624592,0.0190510406,0.0043785835,0.0043759526,0.1314853201,0.1314853201,0.128263269,0.0461163115,0.0424800792,0.0044736582,0.0044736582,0,0.1314853201,0.1314853201,0.1314853201,0.0828495754,0.0461163199,0.0191672275,0.0044736791,0.0044736717,0.1314853201,0.1314853201,0.1282632713,0.046116372,0.042480147600000004,0.0044738087,0.0044738087,0,0.1314853201,0.1314853201,0.1314853201,0.08303933050000001,0.046116372,0.0192699003,0.0044738089,0.0044738089,0.1314853201,0.1314853201,0.1314853201,0.046116372,0.046085756400000004,0.0044738089,0.0044738089,0
pu_042,0.0037775711,0.0037775711,0.0037775711,0.0037310103,0.0036948986,0.0013487823,0.0,0.0,0.0037775711,0.0037775711,0.0037744508,0.0036948986,0.0033722604000000003,0.0,0.0,0,0.0648524818,0.0648524818,0.0648524818,0.0646391789,0.0644765988,0.0301488055,0.011018808500000001,0.0112900602,0.10397934560000001,0.10397934560000001,0.10395806910000001,0.10341562100000001,0.095963937,0.0180778679,0.0180778679,0,0.10397934560000001,0.10397934560000001,0.10397934560000001,0.1036585322,0.1034162248,0.0482372638,0.0181507163,0.0181473343,0.10397934560000001,0.10397934560000001,0.1039581301,0.1034172378,0.095982446,0.018272936,0.018272936,0,0.10397934560000001,0.10397934560000001,0.10397934560000001,0.10365910610000001,0.1034172379,0.048315988500000004,0.0182729428,0.0182729404,0.10397934560000001,0.10397934560000001,0.1039581302,0.1034172382,0.0959824506,0.0182729848,0.0182729848,0,0.10397934560000001,0.10397934560000001,0.10397934560000001,0.10366035550000001,0.1034172382,0.0485257372,0.0182729849,0.0182729849,0.10397934560000001,0.10397934560000001,0.10397934560000001,0.1034172382,0.1033546401,0.0182729849,0.0182729849,0
pu_043,0.0035054423,0.0035725842000000002,0.0036429363,0.0036429363,0.0036429363,0.0014171174,0.000137494,0.000137494,0.0035054423,0.0036420310000000004,0.0036429363,0.0036429363,0.0033368415000000003,0.000137494,0.000137494,0,0.062665238,0.063651835,0.06468878680000001,0.06468878680000001,0.06468878680000001,0.0315601656,0.0130979306,0.0134169797,0.1005652077,0.1037757537,0.10379703350000001,0.10379703350000001,0.0966022088,0.0214008693,0.0214008693,0,0.10056796130000001,0.1021405949,0.10379703350000001,0.10379703350000001,0.10379703350000001,0.0505203834,0.0214710715,0.0214678123,0.10057258100000001,0.1037758023,0.10379703350000001,0.10379703350000001,0.0966186234,0.0215888514,0.0215888514,0,0.1005725812,0.1021429618,0.10379703350000001,0.10379703350000001,0.10379703350000001,0.0505958979,0.0215888579,0.0215888556,0.1005725828,0.1037758023,0.10379703350000001,0.10379703350000001,0.0966186274,0.0215888977,0.0215888977,0,0.1005725828,0.102144726,0.10379703350000001,0.10379703350000001,0.10379703350000001,0.0507984131,0.0215888978,0.0215888978,0.1005725828,0.10379703350000001,0.10379703350000001,0.10379703350000001,0.103736594,0.0215888978,0.0215888978,0
pu_044,0.0,0.0017789396,0.0036429363,0.0036429363,0.0036429363,0.0036429363,0.0036429363,0.0036429363,0.0,0.0036189496,0.0036429363,0.0036429363,0.0036429363,0.0036429363,0.0036429363,0,0.011074381900000001,0.0372145019,0.06468878680000001,0.06468878680000001,0.06468878680000001,0.06468878680000001,0.06468878680000001,0.0661915618,0.0181690436,0.1032332205,0.10379703350000001,0.10379703350000001,0.10379703350000001,0.10379703350000001,0.10379703350000001,0,0.018241999300000002,0.059909299900000004,0.10379703350000001,0.10379703350000001,0.10379703350000001,0.10379703350000001,0.10379703350000001,0.10379703350000001,0.018364398900000002,0.1032345068,0.10379703350000001,0.10379703350000001,0.10379703350000001,0.10379703350000001,0.10379703350000001,0,0.0183644056,0.0599720126,0.10379703350000001,0.10379703350000001,0.10379703350000001,0.10379703350000001,0.10379703350000001,0.10379703350000001,0.018364447000000002,0.1032345071,0.10379703350000001,0.10379703350000001,0.10379703350000001,0.10379703350000001,0.10379703350000001,0,0.0183644471,0.060018754300000005,0.10379703350000001,0.10379703350000001,0.10379703350000001,0.10379703350000001,0.10379703350000001,0.10379703350000001,0.0183644471,0.10379703350000001,0.10379703350000001,0.10379703350000001,0.10379703350000001,0.10379703350000001,0.10379703350000001,0
pu_045,0.0,0.0021154448,0.0043320361000000005,0.004949504,0.0054284003,0.0054284003,0.0054284003,0.0054284003,0.0,0.004303512000000001,0.0043734158000000006,0.0054284003,0.0054284003,0.0054284003,0.0054284003,0,0.0103373939,0.0354644033,0.0618748475,0.0647035723,0.0668596342,0.0668596342,0.0668596342,0.0683718962,0.0169599137,0.09820044730000001,0.0990210753,0.1062147719,0.1062147719,0.1062147719,0.1062147719,0,0.0170314472,0.0568287871,0.0987469243,0.10300140340000001,0.1062147719,0.1062147719,0.1062147719,0.1062147719,0.0171514608,0.0982230092,0.0990417079,0.1062147719,0.1062147719,0.1062147719,0.1062147719,0,0.017151468700000002,0.0568968299,0.0987603594,0.10300722770000001,0.1062147719,0.1062147719,0.1062147719,0.1062147719,0.0171515179,0.09822301480000001,0.09904171290000001,0.1062147719,0.1062147719,0.1062147719,0.1062147719,0,0.017151518,0.0569414867,0.098760364,0.1029906629,0.1062147719,0.1062147719,0.1062147719,0.1062147719,0.017151518,0.098760364,0.098760364,0.1062147719,0.1062147719,0.1062147719,0.1062147719,0
pu_046,0.0,0.0056326448,0.0115346055,0.018605937,0.0240903262,0.0240903262,0.0240903262,0.0240903262,0.0,0.011458656400000001,0.0120084914,0.0240903262,0.0240903262,0.0240903262,0.0240903262,0,0.0026342903,0.0171721221,0.0324631504,0.0648581118,0.0895496426,0.0895496426,0.0895496426,0.0911610645,0.0043219148,0.0455971801,0.049102075200000005,0.1314853201,0.1314853201,0.1314853201,0.1314853201,0,0.0043785835,0.0246308262,0.0459624592,0.0946853638,0.1314853201,0.1314853201,0.1314853201,0.1314853201,0.0044736582,0.045842117700000004,0.049338362600000005,0.1314853201,0.1314853201,0.1314853201,0.1314853201,0,0.0044736791,0.024754579800000003,0.0461163199,0.0947520646,0.1314853201,0.1314853201,0.1314853201,0.1314853201,0.0044738087,0.0458421787,0.049338420800000005,0.1314853201,0.1314853201,0.1314853201,0.1314853201,0,0.0044738089,0.0247774447,0.046116372,0.0945623616,0.1314853201,0.1314853201,0.1314853201,0.1314853201,0.0044738089,0.046116372,0.046116372,0.1314853201,0.1314853201,0.1314853201,0.1314853201,0
pu_047,0.0,0.0056326448,0.0115346055,0.018605937,0.0240903262,0.0240903262,0.0240903262,0.0240903262,0.0,0.011458656400000001,0.0120084914,0.0240903262,0.0240903262,0.0240903262,0.0240903262,0,0.0026342903,0.0171721221,0.0324631504,0.0648581118,0.0895496426,0.0895496426,0.0895496426,0.0911610645,0.0043219148,0.0455971801,0.049102075200000005,0.1314853201,0.1314853201,0.1314853201,0.1314853201,0,0.0043785835,0.0246308262,0.0459624592,0.0946853638,0.1314853201,0.1314853201,0.1314853201,0.1314853201,0.0044736582,0.045842117700000004,0.049338362600000005,0.1314853201,0.1314853201,0.1314853201,0.1314853201,0,0.0044736791,0.024754579800000003,0.0461163199,0.0947520646,0.1314853201,0.1314853201,0.1314853201,0.1314853201,0.0044738087,0.0458421787,0.049338420800000005,0.1314853201,0.1314853201,0.1314853201,0.1314853201,0,0.0044738089,0.0247774447,0.046116372,0.0945623616,0.1314853201,0.1314853201,0.1314853201,0.1314853201,0.0044738089,0.046116372,0.046116372,0.1314853201,0.1314853201,0.1314853201,0.1314853201,0
pu_048,0.0,0.0,0.0,0.0,0.0,0.0,0.0,0.0,0.0,0.0,0.0,0.0,0.0,0.0,0.0,0,0.0,0.0,0.0,0.0,0.0,0.0,0.0,0.0,0.0,0.0,0.0,0.0,0.0,0.0,0.0,0,0.0,0.0,0.0,0.0,0.0,0.0,0.0,0.0,0.0,0.0,0.0,0.0,0.0,0.0,0.0,0,0.0,0.0,0.0,0.0,0.0,0.0,0.0,0.0,0.0,0.0,0.0,0.0,0.0,0.0,0.0,0,0.0,0.0,0.0,0.0,0.0,0.0,0.0,0.0,0.0,0.0,0.0,0.0,0.0,0.0,0.0,0
pu_049,0.0214949606,0.0214949606,0.0214949606,0.0152079624,0.010331887000000001,0.0037715424000000003,0.0,0.0,0.0214949606,0.0214949606,0.0210736368,0.010331887000000001,0.0094297077,0.0,0.0,0,0.082006413,0.082006413,0.082006413,0.0532744089,0.0313749315,0.013347171500000001,0.0033710482000000003,0.0034540338000000003,0.1207723044,0.1207723044,0.117907019,0.04485589,0.0414220155,0.0055306673,0.0055306673,0,0.1259398621,0.1259398621,0.1259398621,0.08092779900000001,0.046960533400000004,0.0206419961,0.006312963,0.006276644400000001,0.13460960530000002,0.13460960530000002,0.1314347684,0.0504915474,0.046748483300000004,0.0076254404,0.0076254404,0,0.13460960530000002,0.13460960530000002,0.13460960530000002,0.0866894277,0.0504962794,0.0227560587,0.007631057100000001,0.0076290855000000005,0.13460960530000002,0.13460960530000002,0.1314360563,0.0505256279,0.0467831209,0.0076658927,0.0076658841,0,0.13460960530000002,0.13460960530000002,0.13460960530000002,0.0868928482,0.050525671800000005,0.0228945088,0.0076659448,0.0076659448,0.13460960530000002,0.13460960530000002,0.13460960530000002,0.050525671800000005,0.0504941613,0.0076659448,0.0076659448,0
pu_050,0.0125660583,0.0125660583,0.0125660583,0.009347431,0.006851125400000001,0.0025009284,0.0,0.0,0.0125660583,0.0125660583,0.0123503616,0.006851125400000001,0.0062528858,0.0,0.0,0,0.070658885,0.070658885,0.070658885,0.0559501891,0.044739251,0.020676083600000002,0.0073019881,0.0074817423,0.1078753147,0.1078753147,0.1064085032,0.06901179610000001,0.0640317779,0.0119799139,0.0119799139,0,0.1128246561,0.1128246561,0.1128246561,0.0897650497,0.0723639419,0.0340835166,0.0132444494,0.0131857424,0.12112829230000001,0.12112829230000001,0.11950006120000001,0.0779879222,0.07251978170000001,0.0153659928,0.0153659928,0,0.12112829230000001,0.12112829230000001,0.12112829230000001,0.09655221180000001,0.0779903886,0.037466311100000003,0.0153709341,0.015369199600000001,0.12112829230000001,0.12112829230000001,0.1195007325,0.0780056851,0.07253910300000001,0.0154015806,0.015401573000000002,0,0.12112829230000001,0.12112829230000001,0.12112829230000001,0.0966566745,0.078005708,0.0376455912,0.0154016264,0.0154016264,0.12112829230000001,0.12112829230000001,0.12112829230000001,0.078005708,0.07795968140000001,0.0154016264,0.0154016264,0
pu_051,0.0031976751,0.0031976751,0.0031976751,0.0031976751,0.0031976751,0.0011672763,0.0,0.0,0.0031976751,0.0031976751,0.0031976751,0.0031976751,0.0029184544,0.0,0.0,0,0.058733469100000005,0.058733469100000005,0.058733469100000005,0.058733469100000005,0.058733469100000005,0.0283619448,0.0114360769,0.011717600600000001,0.09431176840000001,0.09431176840000001,0.09431176840000001,0.09431176840000001,0.08771480990000001,0.018762454,0.018762454,0,0.09902355410000001,0.09902355410000001,0.09902355410000001,0.09902355410000001,0.09902355410000001,0.0482107487,0.020551687500000002,0.0204686211,0.1069286371,0.1069286371,0.1069286371,0.1069286371,0.09964833120000001,0.0235535303,0.0235535303,0,0.1069286371,0.1069286371,0.1069286371,0.1069286371,0.1069286371,0.0529753652,0.023557736500000002,0.02355626,0.1069286371,0.1069286371,0.1069286371,0.1069286371,0.0996509799,0.023583824,0.0235838175,0,0.1069286371,0.1069286371,0.1069286371,0.1069286371,0.1069286371,0.053197239300000004,0.023583863,0.023583863,0.1069286371,0.1069286371,0.1069286371,0.1069286371,0.10686736200000001,0.023583863,0.023583863,0
pu_052,0.0013942449,0.0022749063000000003,0.0031976751,0.0031976751,0.0031976751,0.0023123840000000002,0.0018034301,0.0018034301,0.0013942449,0.0031858005,0.0031976751,0.0031976751,0.0030759297,0.0018034301,0.0018034301,0,0.0320475396,0.0450584777,0.058733469100000005,0.058733469100000005,0.058733469100000005,0.0454980306,0.0381220065,0.0390160664,0.0516851824,0.0940310958,0.09431176840000001,0.09431176840000001,0.09143695900000001,0.061389039900000004,0.061389039900000004,0,0.054608681400000005,0.076237784,0.09902355410000001,0.09902355410000001,0.09902355410000001,0.0769720243,0.06496656020000001,0.0648004713,0.0595135101,0.1066164347,0.1069286371,0.1069286371,0.1037886153,0.07096865720000001,0.07096865720000001,0,0.059516079300000004,0.08260708010000001,0.1069286371,0.1069286371,0.1069286371,0.083658271,0.0709702943,0.07096971960000001,0.0595320136,0.1066165567,0.1069286371,0.1069286371,0.10378964610000001,0.0709804476,0.070980445,0,0.0595320374,0.0826411648,0.1069286371,0.1069286371,0.1069286371,0.08375327090000001,0.0709804627,0.0709804627,0.0595320374,0.1069286371,0.1069286371,0.1069286371,0.10690220800000001,0.0709804627,0.0709804627,0
pu_053,0.0,0.0015615071,0.0031976751,0.0031976751,0.0031976751,0.0031976751,0.0031976751,0.0031976751,0.0,0.0031766201000000003,0.0031976751,0.0031976751,0.0031976751,0.0031976751,0.0031976751,0,0.0114360769,0.0344962975,0.058733469100000005,0.058733469100000005,0.058733469100000005,0.058733469100000005,0.058733469100000005,0.060100602200000006,0.018762454,0.0938143179,0.09431176840000001,0.09431176840000001,0.09431176840000001,0.09431176840000001,0.09431176840000001,0,0.020551687500000002,0.0587660818,0.09902355410000001,0.09902355410000001,0.09902355410000001,0.09902355410000001,0.09902355410000001,0.0988048061,0.0235535303,0.10637965810000001,0.1069286371,0.1069286371,0.1069286371,0.1069286371,0.1069286371,0,0.023557736500000002,0.0641612706,0.1069286371,0.1069286371,0.1069286371,0.1069286371,0.1069286371,0.1069286371,0.023583824,0.1063798578,0.1069286371,0.1069286371,0.1069286371,0.1069286371,0.1069286371,0,0.023583863,0.06422021700000001,0.1069286371,0.1069286371,0.1069286371,0.1069286371,0.1069286371,0.1069286371,0.023583863,0.1069286371,0.1069286371,0.1069286371,0.1069286371,0.1069286371,0.1069286371,0
pu_054,0.0,0.0037876348,0.0077563693000000005,0.0117647221,0.0148735238,0.0148735238,0.0148735238,0.0148735238,0.0,0.007705297900000001,0.0080249894,0.0148735238,0.0148735238,0.0148735238,0.0148735238,0,0.0062456111,0.0233835218,0.041402457000000004,0.0597148648,0.0736725344,0.0736725344,0.0736725344,0.07511999850000001,0.0102467822,0.0626103244,0.0647835333,0.11134137170000001,0.11134137170000001,0.11134137170000001,0.11134137170000001,0,0.0113082293,0.0378326339,0.065774521,0.0946189112,0.1163831433,0.1163831433,0.1163831433,0.1161490755,0.0130890461,0.0701228604,0.07255185680000001,0.124841852,0.124841852,0.124841852,0.124841852,0,0.0130942725,0.0410542644,0.07050431110000001,0.10146092,0.124841852,0.124841852,0.124841852,0.124841852,0.013126687000000001,0.0701476162,0.07257559470000001,0.124841852,0.124841852,0.124841852,0.124841852,0,0.0131267354,0.0411126542,0.0705255877,0.1013495024,0.124841852,0.124841852,0.124841852,0.124841852,0.0131267354,0.0705255877,0.0705255877,0.124841852,0.124841852,0.124841852,0.124841852,0
pu_055,0.0,0.0050453264,0.010331887000000001,0.0166188852,0.0214949606,0.0214949606,0.0214949606,0.0214949606,0.0,0.0102638572,0.010753210800000001,0.0214949606,0.0214949606,0.0214949606,0.0214949606,0,0.0033710482000000003,0.017019717900000002,0.0313749315,0.0601069356,0.082006413,0.082006413,0.082006413,0.0834960326,0.0055306673,0.0445969551,0.0477211753,0.1207723044,0.1207723044,0.1207723044,0.1207723044,0,0.006312963,0.0261078096,0.046960533400000004,0.0919725965,0.1259398621,0.1259398621,0.1259398621,0.12569995450000002,0.0076254404,0.0502092977,0.0536663843,0.13460960530000002,0.13460960530000002,0.13460960530000002,0.13460960530000002,0,0.007631057100000001,0.028507389600000002,0.0504962794,0.09841645700000001,0.13460960530000002,0.13460960530000002,0.13460960530000002,0.13460960530000002,0.0076658927,0.0502434203,0.0536991769,0.13460960530000002,0.13460960530000002,0.13460960530000002,0.13460960530000002,0,0.0076659448,0.028563032300000003,0.050525671800000005,0.098242429,0.13460960530000002,0.13460960530000002,0.13460960530000002,0.13460960530000002,0.0076659448,0.050525671800000005,0.050525671800000005,0.13460960530000002,0.13460960530000002,0.13460960530000002,0.13460960530000002,0
pu_056,0.0,0.0052514874,0.0107540662,0.0173163817,0.0224059879,0.0224059879,0.0224059879,0.0224059879,0.0,0.0106832566,0.0111938404,0.0224059879,0.0224059879,0.0224059879,0.0224059879,0,0.0031124308,0.0170732149,0.031756919,0.0617746973,0.0846542435,0.0846542435,0.0846542435,0.0861866183,0.00510637,0.0449480549,0.0482058999,0.1245327958,0.1245327958,0.1245327958,0.1245327958,0,0.005633955600000001,0.025589357700000002,0.046610188600000005,0.09292483430000001,0.1278864332,0.1278864332,0.1278864332,0.1277307382,0.0065190992000000005,0.0486763267,0.0521471587,0.1335129162,0.1335129162,0.1335129162,0.1335129162,0,0.0065227517,0.0271900753,0.0489588225,0.0971301791,0.1335129162,0.1335129162,0.1335129162,0.1335129162,0.006545404800000001,0.0486984929,0.052168460800000004,0.1335129162,0.1335129162,0.1335129162,0.1335129162,0,0.0065454387000000004,0.0272342123,0.0489779159,0.0969506488,0.1335129162,0.1335129162,0.1335129162,0.1335129162,0.0065454387000000004,0.0489779159,0.0489779159,0.1335129162,0.1335129162,0.1335129162,0.1335129162,0
pu_057,0.0053982135,0.0053982135,0.0053982135,0.0039757379,0.0028724931000000003,0.0010485722,0.0,0.0,0.0053982135,0.0053982135,0.0053028862,0.0028724931000000003,0.0026216673,0.0,0.0,0,0.0352224612,0.0352224612,0.0352224612,0.0292085269,0.0246256764,0.0139020906,0.0079405033,0.0081359759,0.054328985600000004,0.054328985600000004,0.053733882100000005,0.038561576300000004,0.0363319421,0.013027485600000001,0.013027485600000001,0,0.09154631270000001,0.09154631270000001,0.09154631270000001,0.0695493033,0.0531507013,0.03050928,0.0183102003,0.0180649465,0.1539867711,0.1539867711,0.1511047617,0.0776272483,0.0732216012,0.0271731454,0.0271731454,0,0.1539867711,0.1539867711,0.1539867711,0.1105046204,0.0776612768,0.0450143904,0.027213468,0.0271993139,0.1539867711,0.1539867711,0.15111402340000002,0.0778723255,0.0734706417,0.0274635537,0.027463491700000002,0,0.1539867711,0.1539867711,0.1539867711,0.1107927945,0.0778726411,0.0453747352,0.0274639278,0.0274639278,0.1539867711,0.1539867711,0.1539867711,0.0778726411,0.07783558060000001,0.0274639278,0.0274639278,0
pu_058,0.0004686563,0.0004686563,0.0004686563,0.0004593379,0.00045211080000000004,0.0001650381,0.0,0.0,0.0004686563,0.0004686563,0.0004680318,0.00045211080000000004,0.0004126326,0.0,0.0,0,0.021886220600000002,0.021886220600000002,0.021886220600000002,0.021846845900000002,0.021816840900000002,0.0165677273,0.0136415858,0.0139774028,0.0356071104,0.0356071104,0.0356032143,0.0355038831,0.034357985,0.022380894000000002,0.022380894000000002,0,0.06956355830000001,0.06956355830000001,0.06956355830000001,0.0694189468,0.0693111441,0.0467390465,0.034767528,0.0341924697,0.1265331566,0.1265331566,0.126514183,0.1260304477,0.1198760061,0.0555488996,0.0555488996,0,0.1265331566,0.1265331566,0.1265331566,0.1262468943,0.126030672,0.0804402282,0.055579218400000005,0.0555685759,0.1265331566,0.1265331566,0.1265142441,0.1260320635,0.11989657220000001,0.055767258300000004,0.0557672117,0,0.1265331566,0.1265331566,0.1265331566,0.1262487926,0.1260320656,0.0807333502,0.0557675396,0.0557675396,0.1265331566,0.1265331566,0.1265331566,0.1260320656,0.12598040700000002,0.0557675396,0.0557675396,0
pu_059,0.00041981070000000003,0.0004277724,0.0004361149,0.0004361149,0.0004361149,0.0001695515,1.6304200000000002e-05,1.6304200000000002e-05,0.00041981070000000003,0.00043600750000000004,0.0004361149,0.0004361149,0.0003994571,1.6304200000000002e-05,1.6304200000000002e-05,0,0.021493719600000002,0.0216420395,0.0217979244,0.0217979244,0.0217979244,0.0167805922,0.0139835548,0.0143273888,0.034994451,0.0354798782,0.0354830956,0.0354830956,0.034387091200000004,0.0229314961,0.0229314961,0,0.0681167034,0.0687495362,0.0694179021,0.0694179021,0.0694179021,0.047696817200000005,0.0361778304,0.0355628599,0.1236867507,0.1263336481,0.126351192,0.126351192,0.12041783560000001,0.058401543300000004,0.058401543300000004,0,0.1236878939,0.1249849893,0.126351192,0.126351192,0.126351192,0.08239855700000001,0.058430652300000004,0.058420434400000006,0.1236949846,0.1263337024,0.126351192,0.126351192,0.1204361654,0.058611189800000005,0.058611145,0,0.1236949953,0.1249900753,0.126351192,0.126351192,0.126351192,0.0826801816,0.0586114598,0.0586114598,0.1236949953,0.126351192,0.126351192,0.126351192,0.12630138970000002,0.0586114598,0.0586114598,0
pu_060,0.0,0.00021296610000000001,0.0004361149,0.0004361149,0.0004361149,0.0004361149,0.0004361149,0.0004361149,0.0,0.00043324330000000003,0.0004361149,0.0004361149,0.0004361149,0.0004361149,0.0004361149,0,0.01367935,0.0176376904,0.0217979244,0.0217979244,0.0217979244,0.0217979244,0.0217979244,0.0223237913,0.0224428514,0.035397232800000004,0.0354830956,0.0354830956,0.0354830956,0.0354830956,0.0354830956,0,0.0348766317,0.0516757158,0.0694179021,0.0694179021,0.0694179021,0.0694179021,0.0694179021,0.0678424546,0.055737102000000004,0.1258862372,0.126351192,0.126351192,0.126351192,0.126351192,0.126351192,0,0.0557673543,0.0901435164,0.126351192,0.126351192,0.126351192,0.126351192,0.126351192,0.126351192,0.0559549825,0.1258876737,0.126351192,0.126351192,0.126351192,0.126351192,0.126351192,0,0.0559552631,0.0902781576,0.126351192,0.126351192,0.126351192,0.126351192,0.126351192,0.126351192,0.0559552631,0.126351192,0.126351192,0.126351192,0.126351192,0.126351192,0.126351192,0
pu_061,0.0,0.00031655510000000003,0.0006482457,0.0007718208,0.0008676633000000001,0.0008676633000000001,0.0008676633000000001,0.0008676633000000001,0.0,0.0006439773,0.0006565271,0.0008676633000000001,0.0008676633000000001,0.0008676633000000001,0.0008676633000000001,0,0.0131785383,0.0175032702,0.022048785600000002,0.022570954900000002,0.0229688675,0.0229688675,0.0229688675,0.0235129361,0.021621201,0.0356656809,0.0358104369,0.0371277224,0.0371277224,0.0371277224,0.0371277224,0,0.0334297486,0.0502451376,0.0680021265,0.06991989750000001,0.0713495274,0.0713495274,0.0713495274,0.0697607557,0.053241250000000004,0.1216442482,0.12234924800000001,0.12876432200000001,0.12876432200000001,0.12876432200000001,0.12876432200000001,0,0.053272382800000004,0.0867935034,0.1221006047,0.1258968821,0.12876432200000001,0.12876432200000001,0.12876432200000001,0.12876432200000001,0.053465471800000004,0.12166701290000001,0.1223698659,0.12876432200000001,0.12876432200000001,0.12876432200000001,0.12876432200000001,0,0.0534657605,0.0869390144,0.1221190847,0.12589018770000002,0.12876432200000001,0.12876432200000001,0.12876432200000001,0.12876432200000001,0.0534657605,0.1221190847,0.1221190847,0.12876432200000001,0.12876432200000001,0.12876432200000001,0.12876432200000001,0
pu_062,0.0,0.0014027123,0.0028724931000000003,0.0042949687,0.0053982135,0.0053982135,0.0053982135,0.0053982135,0.0,0.0028535793000000003,0.0029678204,0.0053982135,0.0053982135,0.0053982135,0.0053982135,0,0.0079405033,0.0160744905,0.0246256764,0.0306396107,0.0352224612,0.0352224612,0.0352224612,0.0359566492,0.013027485600000001,0.0383934484,0.039156679800000004,0.054328985600000004,0.054328985600000004,0.054328985600000004,0.054328985600000004,0,0.0183102003,0.0352682255,0.0531507013,0.07514771070000001,0.09154631270000001,0.09154631270000001,0.09154631270000001,0.08981847180000001,0.0271731454,0.0772950359,0.0805092577,0.1539867711,0.1539867711,0.1539867711,0.1539867711,0,0.027213468,0.0517827349,0.0776612768,0.1211434275,0.1539867711,0.1539867711,0.1539867711,0.1539867711,0.0274635537,0.077540412,0.08074507310000001,0.1539867711,0.1539867711,0.1539867711,0.1539867711,0,0.0274639278,0.052041669400000004,0.0778726411,0.1210666177,0.1539867711,0.1539867711,0.1539867711,0.1539867711,0.0274639278,0.0778726411,0.0778726411,0.1539867711,0.1539867711,0.1539867711,0.1539867711,0
pu_063,0.0,0.001403616,0.0028743436,0.004298026,0.0054022068,0.0054022068,0.0054022068,0.0054022068,0.0,0.0028554176,0.0029697518,0.0054022068,0.0054022068,0.0054022068,0.0054022068,0,0.0079393697,0.016074725,0.0246273508,0.030646921,0.0352340674,0.0352340674,0.0352340674,0.0359684428,0.013025625800000001,0.038394987400000004,0.0391588045,0.0543454689,0.0543454689,0.0543454689,0.0543454689,0,0.018307224,0.035265953,0.0531491657,0.0751518846,0.0915548451,0.0915548451,0.0915548451,0.0898273733,0.027168296,0.07728831650000001,0.08050259850000001,0.153981964,0.153981964,0.153981964,0.153981964,0,0.02720861,0.0517769607,0.0776545377,0.1211377894,0.153981964,0.153981964,0.153981964,0.153981964,0.027458642300000002,0.07753364010000001,0.0807383636,0.153981964,0.153981964,0.153981964,0.153981964,0,0.0274590163,0.0520358448,0.0778658569,0.1210609555,0.153981964,0.153981964,0.153981964,0.153981964,0.0274590163,0.0778658569,0.0778658569,0.153981964,0.153981964,0.153981964,0.153981964,0
pu_064,0.0,0.0,0.0,0.0,0.0,0.0,0.0,0.0,0.0,0.0,0.0,0.0,0.0,0.0,0.0,0,0.0,0.0,0.0,0.0,0.0,0.0,0.0,0.0,0.0,0.0,0.0,0.0,0.0,0.0,0.0,0,0.0,0.0,0.0,0.0,0.0,0.0,0.0,0.0,0.0,0.0,0.0,0.0,0.0,0.0,0.0,0,0.0,0.0,0.0,0.0,0.0,0.0,0.0,0.0,0.0,0.0,0.0,0.0,0.0,0.0,0.0,0,0.0,0.0,0.0,0.0,0.0,0.0,0.0,0.0,0.0,0.0,0.0,0.0,0.0,0.0,0.0,0
pu_065,0.0053741394,0.0053741394,0.0053741394,0.0039589391,0.0028613369000000002,0.0010444997,0.0,0.0,0.0053741394,0.0053741394,0.0052792996000000005,0.0028613369000000002,0.0026114852000000003,0.0,0.0,0,0.0351524915,0.0351524915,0.0351524915,0.029172534200000003,0.0246155823,0.0139029205,0.007947337300000001,0.0081429781,0.054229613600000004,0.054229613600000004,0.053637905300000004,0.0385521626,0.0363243294,0.0130386978,0.0130386978,0,0.091494874,0.091494874,0.091494874,0.0695322857,0.053159959300000004,0.0305240375,0.0183281432,0.018082577000000002,0.1540157514,0.1540157514,0.1511341799,0.07766783220000001,0.0732611941,0.0272023807,0.0272023807,0,0.1540157514,0.1540157514,0.1540157514,0.11054023810000001,0.0777019045,0.045047679800000004,0.0272427553,0.027228583,0.1540157514,0.1540157514,0.1511434536,0.07791322490000001,0.0735105553,0.0274931629,0.0274931008,0,0.1540157514,0.1540157514,0.1540157514,0.110828539,0.077913541,0.0454083564,0.0274935374,0.0274935374,0.1540157514,0.1540157514,0.1540157514,0.077913541,0.0778764722,0.0274935374,0.0274935374,0
pu_066,0.0029644965000000002,0.0029644965000000002,0.0029644965000000002,0.0022393044000000003,0.0016768593,0.0006121192,0.0,0.0,0.0029644965000000002,0.0029644965000000002,0.0029158976,0.0016768593,0.0015304361,0.0,0.0,0,0.0286142809,0.0286142809,0.0286142809,0.0255499673,0.0232148452,0.0152021657,0.0107437266,0.011008206500000001,0.045046488700000005,0.045046488700000005,0.0447432792,0.0370128816,0.0353200698,0.0176265582,0.0176265582,0,0.0807092315,0.0807092315,0.0807092315,0.0694549272,0.0610652447,0.0384813781,0.0264071242,0.0259994801,0.14054152420000002,0.14054152420000002,0.1390649186,0.10141850740000001,0.0961548635,0.0411385034,0.0411385034,0,0.14054152420000002,0.14054152420000002,0.14054152420000002,0.11826333700000001,0.10143596710000001,0.062438709200000005,0.041173961700000004,0.041161515100000004,0.14054152420000002,0.14054152420000002,0.1390696707,0.10154425410000001,0.09629194390000001,0.0413938778,0.0413938233,0,0.14054152420000002,0.14054152420000002,0.14054152420000002,0.11841107120000001,0.1015444161,0.0627662819,0.0413942067,0.0413942067,0.14054152420000002,0.14054152420000002,0.14054152420000002,0.1015444161,0.10150019360000001,0.0413942067,0.0413942067,0
pu_067,0.0004319847,0.0004319847,0.0004319847,0.0004319847,0.0004319847,0.0001576913,0.0,0.0,0.0004319847,0.0004319847,0.0004319847,0.0004319847,0.00039426390000000004,0.0,0.0,0,0.021742684,0.021742684,0.021742684,0.021742684,0.021742684,0.0165676601,0.013682705000000002,0.014019534200000001,0.0353951121,0.0353951121,0.0353951121,0.0353951121,0.0342646026,0.0224483558,0.0224483558,0,0.0693736242,0.0693736242,0.0693736242,0.0693736242,0.0693736242,0.0468444671,0.034898056000000004,0.0343200698,0.1263802402,0.1263802402,0.1263802402,0.1263802402,0.1202158915,0.0557852354,0.0557852354,0,0.1263802402,0.1263802402,0.1263802402,0.1263802402,0.1263802402,0.0807165152,0.0558155267,0.055804893800000005,0.1263802402,0.1263802402,0.1263802402,0.1263802402,0.12023496580000001,0.056003396500000004,0.056003349800000005,0,0.1263802402,0.1263802402,0.1263802402,0.1263802402,0.1263802402,0.08100929600000001,0.0560036774,0.0560036774,0.1263802402,0.1263802402,0.1263802402,0.1263802402,0.1263284993,0.0560036774,0.0560036774,0
pu_068,0.0001868379,0.0003065494,0.0004319847,0.0004319847,0.0004319847,0.00031335,0.0002451468,0.0002451468,0.0001868379,0.0004303706,0.0004319847,0.0004319847,0.0004156701,0.0002451468,0.0002451468,0,0.0171687298,0.019398834400000002,0.021742684,0.021742684,0.021742684,0.0195044323,0.0182566592,0.0187000513,0.0280479626,0.0353467351,0.0353951121,0.0353951121,0.0349061549,0.029795505200000003,0.029795505200000003,0,0.049809098,0.0593242275,0.0693736242,0.0693736242,0.0693736242,0.059629529300000005,0.054462582100000004,0.0533173955,0.0863183097,0.1261164545,0.1263802402,0.1263802402,0.1237140952,0.0958471659,0.0958471659,0,0.0863354997,0.10583832850000001,0.1263802402,0.1263802402,0.1263802402,0.1066302039,0.0958602672,0.09585566840000001,0.0864421138,0.1261172707,0.1263802402,0.1263802402,0.1237223451,0.0959415228,0.0959415027,0,0.0864422733,0.1059148002,0.1263802402,0.1263802402,0.1263802402,0.1067568346,0.0959416443,0.0959416443,0.0864422733,0.1263802402,0.1263802402,0.1263802402,0.12635786170000002,0.0959416443,0.0959416443,0
pu_069,0.0,0.0002109493,0.0004319847,0.0004319847,0.0004319847,0.0004319847,0.0004319847,0.0004319847,0.0,0.00042914040000000003,0.0004319847,0.0004319847,0.0004319847,0.0004319847,0.0004319847,0,0.013682705000000002,0.0176124769,0.021742684,0.021742684,0.021742684,0.021742684,0.021742684,0.0222672927,0.0224483558,0.0353098648,0.0353951121,0.0353951121,0.0353951121,0.0353951121,0.0353951121,0,0.034898056000000004,0.0516651115,0.0693736242,0.0693736242,0.0693736242,0.0693736242,0.0693736242,0.06779614760000001,0.0557852354,0.1259154111,0.1263802402,0.1263802402,0.1263802402,0.1263802402,0.1263802402,0,0.0558155267,0.0901823752,0.1263802402,0.1263802402,0.1263802402,0.1263802402,0.1263802402,0.1263802402,0.056003396500000004,0.1259168494,0.1263802402,0.1263802402,0.1263802402,0.1263802402,0.1263802402,0,0.0560036774,0.0903171296,0.1263802402,0.1263802402,0.1263802402,0.1263802402,0.1263802402,0.1263802402,0.0560036774,0.1263802402,0.1263802402,0.1263802402,0.1263802402,0.1263802402,0.1263802402,0
pu_070,0.0,0.0009757528,0.0019981596,0.0029105226000000002,0.0036181338,0.0036181338,0.0036181338,0.0036181338,0.0,0.0019850028,0.0020593017,0.0036181338,0.0036181338,0.0036181338,0.0036181338,0,0.0099851808,0.0166200437,0.0235948078,0.027450016100000002,0.030387829600000003,0.030387829600000003,0.030387829600000003,0.0310468232,0.0163820597,0.037291833600000004,0.0378118928,0.0475374942,0.0475374942,0.0475374942,0.0475374942,0,0.024215627700000002,0.0411030639,0.0589208647,0.0730798876,0.0836349344,0.0836349344,0.0836349344,0.081959085,0.037358204400000004,0.0945965415,0.0968336377,0.1441965299,0.1441965299,0.1441965299,0.1441965299,0,0.037394996300000004,0.0654490195,0.09499788840000001,0.12302604160000001,0.1441965299,0.1441965299,0.1441965299,0.1441965299,0.037623183500000004,0.0947554473,0.0969858609,0.1441965299,0.1441965299,0.1441965299,0.1441965299,0,0.0376235247,0.0656640274,0.095134328,0.12297661700000001,0.1441965299,0.1441965299,0.1441965299,0.1441965299,0.0376235247,0.095134328,0.095134328,0.1441965299,0.1441965299,0.1441965299,0.1441965299,0
pu_071,0.0,0.0013972645,0.0028613369000000002,0.0042765372000000005,0.0053741394,0.0053741394,0.0053741394,0.0053741394,0.0,0.0028424966,0.0029561767000000003,0.0053741394,0.0053741394,0.0053741394,0.0053741394,0,0.007947337300000001,0.0160730768,0.0246155823,0.030595539600000003,0.0351524915,0.0351524915,0.0351524915,0.0358855497,0.0130386978,0.0383841705,0.0391438708,0.054229613600000004,0.054229613600000004,0.054229613600000004,0.054229613600000004,0,0.0183281432,0.0352819257,0.053159959300000004,0.0751225476,0.091494874,0.091494874,0.091494874,0.0897648078,0.0272023807,0.0773355451,0.08054940370000001,0.1540157514,0.1540157514,0.1540157514,0.1540157514,0,0.0272427553,0.0518175452,0.0777019045,0.1211774178,0.1540157514,0.1540157514,0.1540157514,0.1540157514,0.0274931629,0.0775812371,0.0807855227,0.1540157514,0.1540157514,0.1540157514,0.1540157514,0,0.0274935374,0.052076783800000005,0.077913541,0.1211007533,0.1540157514,0.1540157514,0.1540157514,0.1540157514,0.0274935374,0.077913541,0.077913541,0.1540157514,0.1540157514,0.1540157514,0.1540157514,0
pu_072,0.0,0.0013972645,0.0028613369000000002,0.0042765372000000005,0.0053741394,0.0053741394,0.0053741394,0.0053741394,0.0,0.0028424966,0.0029561767000000003,0.0053741394,0.0053741394,0.0053741394,0.0053741394,0,0.007947337300000001,0.0160730768,0.0246155823,0.030595539600000003,0.0351524915,0.0351524915,0.0351524915,0.0358855497,0.0130386978,0.0383841705,0.0391438708,0.054229613600000004,0.054229613600000004,0.054229613600000004,0.054229613600000004,0,0.0183281432,0.0352819257,0.053159959300000004,0.0751225476,0.091494874,0.091494874,0.091494874,0.0897648078,0.0272023807,0.0773355451,0.08054940370000001,0.1540157514,0.1540157514,0.1540157514,0.1540157514,0,0.0272427553,0.0518175452,0.0777019045,0.1211774178,0.1540157514,0.1540157514,0.1540157514,0.1540157514,0.0274931629,0.0775812371,0.0807855227,0.1540157514,0.1540157514,0.1540157514,0.1540157514,0,0.0274935374,0.052076783800000005,0.077913541,0.1211007533,0.1540157514,0.1540157514,0.1540157514,0.1540157514,0.0274935374,0.077913541,0.077913541,0.1540157514,0.1540157514,0.1540157514,0.1540157514,0
pu_073,0.0053741394,0.0053741394,0.0053741394,0.0039589391,0.0028613369000000002,0.0010444997,0.0,0.0,0.0053741394,0.0053741394,0.0052792996000000005,0.0028613369000000002,0.0026114852000000003,0.0,0.0,0,0.0351524915,0.0351524915,0.0351524915,0.029172534200000003,0.0246155823,0.0139029205,0.007947337300000001,0.0081429781,0.054229613600000004,0.054229613600000004,0.053637905300000004,0.0385521626,0.0363243294,0.0130386978,0.0130386978,0,0.091494874,0.091494874,0.091494874,0.0695322857,0.053159959300000004,0.0305240375,0.0183281432,0.018082577000000002,0.1540157514,0.1540157514,0.1511341799,0.07766783220000001,0.0732611941,0.0272023807,0.0272023807,0,0.1540157514,0.1540157514,0.1540157514,0.11054023810000001,0.0777019045,0.045047679800000004,0.0272427553,0.027228583,0.1540157514,0.1540157514,0.1511434536,0.07791322490000001,0.0735105553,0.0274931629,0.0274931008,0,0.1540157514,0.1540157514,0.1540157514,0.110828539,0.077913541,0.0454083564,0.0274935374,0.0274935374,0.1540157514,0.1540157514,0.1540157514,0.077913541,0.0778764722,0.0274935374,0.0274935374,0
pu_074,0.0004319847,0.0004319847,0.0004319847,0.0004319847,0.0004319847,0.0001576913,0.0,0.0,0.0004319847,0.0004319847,0.0004319847,0.0004319847,0.00039426390000000004,0.0,0.0,0,0.021742684,0.021742684,0.021742684,0.021742684,0.021742684,0.0165676601,0.013682705000000002,0.014019534200000001,0.0353951121,0.0353951121,0.0353951121,0.0353951121,0.0342646026,0.0224483558,0.0224483558,0,0.0693736242,0.0693736242,0.0693736242,0.0693736242,0.0693736242,0.0468444671,0.034898056000000004,0.0343200698,0.1263802402,0.1263802402,0.1263802402,0.1263802402,0.1202158915,0.0557852354,0.0557852354,0,0.1263802402,0.1263802402,0.1263802402,0.1263802402,0.1263802402,0.0807165152,0.0558155267,0.055804893800000005,0.1263802402,0.1263802402,0.1263802402,0.1263802402,0.12023496580000001,0.056003396500000004,0.056003349800000005,0,0.1263802402,0.1263802402,0.1263802402,0.1263802402,0.1263802402,0.08100929600000001,0.0560036774,0.0560036774,0.1263802402,0.1263802402,0.1263802402,0.1263802402,0.1263284993,0.0560036774,0.0560036774,0
pu_075,0.0004319847,0.0004319847,0.0004319847,0.0004319847,0.0004319847,0.0001576913,0.0,0.0,0.0004319847,0.0004319847,0.0004319847,0.0004319847,0.00039426390000000004,0.0,0.0,0,0.021742684,0.021742684,0.021742684,0.021742684,0.021742684,0.0165676601,0.013682705000000002,0.014019534200000001,0.0353951121,0.0353951121,0.0353951121,0.0353951121,0.0342646026,0.0224483558,0.0224483558,0,0.0693736242,0.0693736242,0.0693736242,0.0693736242,0.0693736242,0.0468444671,0.034898056000000004,0.0343200698,0.1263802402,0.1263802402,0.1263802402,0.1263802402,0.1202158915,0.0557852354,0.0557852354,0,0.1263802402,0.1263802402,0.1263802402,0.1263802402,0.1263802402,0.0807165152,0.0558155267,0.055804893800000005,0.1263802402,0.1263802402,0.1263802402,0.1263802402,0.12023496580000001,0.056003396500000004,0.056003349800000005,0,0.1263802402,0.1263802402,0.1263802402,0.1263802402,0.1263802402,0.08100929600000001,0.0560036774,0.0560036774,0.1263802402,0.1263802402,0.1263802402,0.1263802402,0.1263284993,0.0560036774,0.0560036774,0
pu_076,0.0,0.0002109493,0.0004319847,0.0004319847,0.0004319847,0.0004319847,0.0004319847,0.0004319847,0.0,0.00042914040000000003,0.0004319847,0.0004319847,0.0004319847,0.0004319847,0.0004319847,0,0.013682705000000002,0.0176124769,0.021742684,0.021742684,0.021742684,0.021742684,0.021742684,0.0222672927,0.0224483558,0.0353098648,0.0353951121,0.0353951121,0.0353951121,0.0353951121,0.0353951121,0,0.034898056000000004,0.0516651115,0.0693736242,0.0693736242,0.0693736242,0.0693736242,0.0693736242,0.06779614760000001,0.0557852354,0.1259154111,0.1263802402,0.1263802402,0.1263802402,0.1263802402,0.1263802402,0,0.0558155267,0.0901823752,0.1263802402,0.1263802402,0.1263802402,0.1263802402,0.1263802402,0.1263802402,0.056003396500000004,0.1259168494,0.1263802402,0.1263802402,0.1263802402,0.1263802402,0.1263802402,0,0.0560036774,0.0903171296,0.1263802402,0.1263802402,0.1263802402,0.1263802402,0.1263802402,0.1263802402,0.0560036774,0.1263802402,0.1263802402,0.1263802402,0.1263802402,0.1263802402,0.1263802402,0
pu_077,0.0,0.0002118214,0.0004337708,0.0004348113,0.0004356182,0.0004356182,0.0004356182,0.0004356182,0.0,0.00043091470000000004,0.0004338405,0.0004356182,0.0004356182,0.0004356182,0.0004356182,0,0.013678488400000001,0.017611345100000002,0.0217447961,0.0217491926,0.0217525429,0.0217525429,0.0217525429,0.0222773048,0.022441437800000002,0.035312125,0.0353978681,0.0354089592,0.0354089592,0.0354089592,0.0354089592,0,0.0348858738,0.0516530666,0.0693617039,0.0693778508,0.06938988780000001,0.06938988780000001,0.06938988780000001,0.0678122989,0.0557642213,0.1258796951,0.1263465453,0.1264005578,0.1264005578,0.1264005578,0.1264005578,0,0.0557945199,0.0901541694,0.1263444518,0.1263764151,0.1264005578,0.1264005578,0.1264005578,0.1264005578,0.0559824357,0.125881313,0.12634671890000002,0.1264005578,0.1264005578,0.1264005578,0.1264005578,0,0.0559827168,0.0902890152,0.1263446074,0.1263763587,0.1264005578,0.1264005578,0.1264005578,0.1264005578,0.0559827168,0.1263446074,0.1263446074,0.1264005578,0.1264005578,0.1264005578,0.1264005578,0
pu_078,0.0,0.0013972645,0.0028613369000000002,0.0042765372000000005,0.0053741394,0.0053741394,0.0053741394,0.0053741394,0.0,0.0028424966,0.0029561767000000003,0.0053741394,0.0053741394,0.0053741394,0.0053741394,0,0.007947337300000001,0.0160730768,0.0246155823,0.030595539600000003,0.0351524915,0.0351524915,0.0351524915,0.0358855497,0.0130386978,0.0383841705,0.0391438708,0.054229613600000004,0.054229613600000004,0.054229613600000004,0.054229613600000004,0,0.0183281432,0.0352819257,0.053159959300000004,0.0751225476,0.091494874,0.091494874,0.091494874,0.0897648078,0.0272023807,0.0773355451,0.08054940370000001,0.1540157514,0.1540157514,0.1540157514,0.1540157514,0,0.0272427553,0.0518175452,0.0777019045,0.1211774178,0.1540157514,0.1540157514,0.1540157514,0.1540157514,0.0274931629,0.0775812371,0.0807855227,0.1540157514,0.1540157514,0.1540157514,0.1540157514,0,0.0274935374,0.052076783800000005,0.077913541,0.1211007533,0.1540157514,0.1540157514,0.1540157514,0.1540157514,0.0274935374,0.077913541,0.077913541,0.1540157514,0.1540157514,0.1540157514,0.1540157514,0
pu_079,0.0,0.0013972645,0.0028613369000000002,0.0042765372000000005,0.0053741394,0.0053741394,0.0053741394,0.0053741394,0.0,0.0028424966,0.0029561767000000003,0.0053741394,0.0053741394,0.0053741394,0.0053741394,0,0.007947337300000001,0.0160730768,0.0246155823,0.030595539600000003,0.0351524915,0.0351524915,0.0351524915,0.0358855497,0.0130386978,0.0383841705,0.0391438708,0.054229613600000004,0.054229613600000004,0.054229613600000004,0.054229613600000004,0,0.0183281432,0.0352819257,0.053159959300000004,0.0751225476,0.091494874,0.091494874,0.091494874,0.0897648078,0.0272023807,0.0773355451,0.08054940370000001,0.1540157514,0.1540157514,0.1540157514,0.1540157514,0,0.0272427553,0.0518175452,0.0777019045,0.1211774178,0.1540157514,0.1540157514,0.1540157514,0.1540157514,0.0274931629,0.0775812371,0.0807855227,0.1540157514,0.1540157514,0.1540157514,0.1540157514,0,0.0274935374,0.052076783800000005,0.077913541,0.1211007533,0.1540157514,0.1540157514,0.1540157514,0.1540157514,0.0274935374,0.077913541,0.077913541,0.1540157514,0.1540157514,0.1540157514,0.1540157514,0
pu_080,0.0,0.0,0.0,0.0,0.0,0.0,0.0,0.0,0.0,0.0,0.0,0.0,0.0,0.0,0.0,0,0.0,0.0,0.0,0.0,0.0,0.0,0.0,0.0,0.0,0.0,0.0,0.0,0.0,0.0,0.0,0,0.0,0.0,0.0,0.0,0.0,0.0,0.0,0.0,0.0,0.0,0.0,0.0,0.0,0.0,0.0,0,0.0,0.0,0.0,0.0,0.0,0.0,0.0,0.0,0.0,0.0,0.0,0.0,0.0,0.0,0.0,0,0.0,0.0,0.0,0.0,0.0,0.0,0.0,0.0,0.0,0.0,0.0,0.0,0.0,0.0,0.0,0
